NomeListino;CifraIn;CifraOut;Margine;Settore;CostoTrasp;CostoTraspBo;TipoListForn;Note;ID;Chiusura
BASE;0.00;30.00;6.00;Vettura;4.70;3.00;24H;null;1;0x000000036E3660D9
BASE;0.00;30.00;6.00;Vettura;4.70;3.00;48H;null;2;0x000000036E3660DA
BASE;0.00;30.00;6.00;Vettura;0.00;0.00;72H;null;3;0x000000036E3660DB
BASE;0.00;30.00;6.00;MotoScooter;7.50;4.00;24H;null;4;0x0000000368063C94
BASE;0.00;30.00;6.00;MotoScooter;7.50;4.00;48H;null;5;0x0000000368063C97
BASE;0.00;30.00;5.00;MotoScooter;0.00;0.00;72H;null;6;0x000000020DF4F08D
BASE;0.00;223.00;50.00;Autocarro;13.00;7.00;24H;null;7;0x0000000368063C93
BASE;0.00;223.00;25.00;Autocarro;13.00;7.00;48H;null;8;0x00000003653037A3
BASE;0.00;223.00;15.00;Autocarro;0.00;0.00;72H;null;9;0x00000001C1AD1E96
BASE;30.01;40.00;8.00;Vettura;4.70;3.00;24H;null;10;0x000000036E366E89
BASE;30.01;40.00;8.00;Vettura;4.70;3.00;48H;null;11;0x000000036E366E8A
BASE;30.01;40.00;8.00;Vettura;0.00;0.00;72H;null;12;0x000000036E366E8B
BASE;30.01;40.00;7.00;MotoScooter;7.50;4.00;24H;null;13;0x0000000368063CAB
BASE;30.01;40.00;7.00;MotoScooter;7.50;4.00;48H;null;14;0x0000000368063CAA
BASE;30.01;40.00;7.00;MotoScooter;0.00;0.00;72H;null;15;0x0000000368063CA9
BASE;40.01;50.00;9.00;Vettura;4.70;3.00;24H;null;16;0x000000036E366E8D
BASE;40.01;50.00;9.00;Vettura;4.70;3.00;48H;null;17;0x000000036E366E8E
BASE;40.01;50.00;9.00;Vettura;0.00;0.00;72H;null;18;0x000000036E366E8F
BASE;40.01;50.00;8.00;MotoScooter;7.50;4.00;24H;null;19;0x0000000368063CB8
BASE;40.01;50.00;8.00;MotoScooter;7.50;4.00;48H;null;20;0x0000000368063CBB
BASE;40.01;50.00;8.00;MotoScooter;0.00;0.00;72H;null;21;0x0000000368063CBE
BASE;50.01;60.00;10.00;Vettura;4.70;3.00;24H;null;22;0x000000036E366E91
BASE;50.01;60.00;10.00;Vettura;4.70;3.00;48H;null;23;0x000000036E366E92
BASE;50.01;60.00;10.00;Vettura;0.00;0.00;72H;null;24;0x000000036E366E93
BASE;50.01;60.00;9.00;MotoScooter;7.50;4.00;24H;null;25;0x000000020DF4F094
BASE;50.01;60.00;9.00;MotoScooter;7.50;4.00;48H;null;26;0x000000020DF4F095
BASE;50.01;60.00;9.00;MotoScooter;0.00;0.00;72H;null;27;0x000000020DF4F096
BASE;60.01;75.00;12.00;Vettura;4.70;3.00;24H;null;28;0x000000036E366E95
BASE;60.01;75.00;12.00;Vettura;4.70;3.00;48H;null;29;0x000000036E366E96
BASE;60.01;75.00;12.00;Vettura;0.00;0.00;72H;null;30;0x000000036E366E97
BASE;60.01;75.00;10.00;MotoScooter;7.50;4.00;24H;null;31;0x000000020DF4F098
BASE;60.01;75.00;10.00;MotoScooter;7.50;4.00;48H;null;32;0x000000020DF4F099
BASE;60.01;75.00;10.00;MotoScooter;0.00;0.00;72H;null;33;0x000000020DF4F09A
BASE;75.01;90.00;14.00;Vettura;4.70;3.00;24H;null;34;0x000000036E366E99
BASE;75.01;90.00;14.00;Vettura;4.70;3.00;48H;null;35;0x000000036E366E9A
BASE;75.01;90.00;14.00;Vettura;0.00;0.00;72H;null;36;0x000000036E366E9B
BASE;75.01;90.00;11.00;MotoScooter;7.50;4.00;24H;null;37;0x000000020DF4F115
BASE;75.01;90.00;11.00;MotoScooter;7.50;4.00;48H;null;38;0x000000020DF4F116
BASE;75.01;90.00;11.00;MotoScooter;0.00;0.00;72H;null;39;0x000000020DF4F117
BASE;90.01;110.00;16.00;Vettura;4.70;3.00;24H;null;40;0x000000036E366E9E
BASE;90.01;110.00;16.00;Vettura;4.70;3.00;48H;null;41;0x000000036E366E9F
BASE;90.01;110.00;16.00;Vettura;0.00;0.00;72H;null;42;0x000000036E366EA0
BASE;90.01;110.00;12.00;MotoScooter;7.50;4.00;24H;null;43;0x000000036E366E9D
BASE;90.01;110.00;12.00;MotoScooter;7.50;4.00;48H;null;44;0x000000020DF4F0A1
BASE;90.01;110.00;12.00;MotoScooter;0.00;0.00;72H;null;45;0x000000020DF4F0A2
BASE;110.01;130.00;18.00;Vettura;4.70;3.00;24H;null;46;0x000000036E366EA2
BASE;110.01;130.00;18.00;Vettura;4.70;3.00;48H;null;47;0x000000036E366EA3
BASE;110.01;130.00;18.00;Vettura;0.00;0.00;72H;null;48;0x000000036E366EA4
BASE;110.01;130.00;13.00;MotoScooter;7.50;4.00;24H;null;49;0x000000020DF4F0A4
BASE;110.01;130.00;13.00;MotoScooter;7.50;4.00;48H;null;50;0x000000020DF4F0A5
BASE;110.01;130.00;13.00;MotoScooter;0.00;0.00;72H;null;51;0x000000020DF4F0A6
BASE;130.01;160.00;21.00;Vettura;4.70;3.00;24H;null;52;0x000000036E366EEC
BASE;130.01;160.00;21.00;Vettura;4.70;3.00;48H;null;53;0x000000036E366EED
BASE;130.01;160.00;21.00;Vettura;0.00;0.00;72H;null;54;0x000000036E366EEE
BASE;130.01;160.00;13.00;MotoScooter;7.50;4.00;24H;null;55;0x000000020DF4F13C
BASE;130.01;160.00;13.00;MotoScooter;7.50;4.00;48H;null;56;0x000000020DF4F13B
BASE;130.01;160.00;13.00;MotoScooter;0.00;0.00;72H;null;57;0x000000020DF4F13A
BASE;160.01;190.00;24.00;Vettura;4.70;3.00;24H;null;58;0x000000036E366EF0
BASE;160.01;190.00;24.00;Vettura;4.70;3.00;48H;null;59;0x000000036E366EF1
BASE;160.01;190.00;24.00;Vettura;0.00;0.00;72H;null;60;0x000000036E366EF2
BASE;160.01;190.00;13.00;MotoScooter;7.50;4.00;24H;null;61;0x000000020DF4F145
BASE;160.01;190.00;13.00;MotoScooter;7.50;4.00;48H;null;62;0x000000020DF4F146
BASE;160.01;190.00;13.00;MotoScooter;0.00;0.00;72H;null;63;0x000000020DF4F147
BASE;190.01;230.00;26.00;Vettura;4.70;3.00;24H;null;64;0x000000036E366EF4
BASE;190.01;230.00;26.00;Vettura;4.70;3.00;48H;null;65;0x000000036E366EF5
BASE;190.01;230.00;26.00;Vettura;0.00;0.00;72H;null;66;0x000000036E366EF6
BASE;190.01;230.00;13.00;MotoScooter;7.50;4.00;24H;null;67;0x000000020DF4F14F
BASE;190.01;230.00;13.00;MotoScooter;7.50;4.00;48H;null;68;0x000000020DF4F150
BASE;190.01;230.00;13.00;MotoScooter;0.00;0.00;72H;null;69;0x000000020DF4F151
BASE;224.00;260.00;60.00;Autocarro;13.00;7.00;24H;null;70;0x00000003653037A7
BASE;224.00;260.00;45.00;Autocarro;13.00;7.00;48H;null;71;0x00000003653037A6
BASE;224.00;260.00;25.00;Autocarro;0.00;0.00;72H;null;72;0x00000001C1AD1ED5
BASE;230.01;270.00;30.00;Vettura;4.70;3.00;24H;null;73;0x000000036E366EF8
BASE;230.01;270.00;30.00;Vettura;4.70;3.00;48H;null;74;0x000000036E366EF9
BASE;230.01;270.00;30.00;Vettura;0.00;0.00;72H;null;75;0x000000036E366EFA
BASE;230.01;270.00;13.00;MotoScooter;7.50;4.00;24H;null;76;0x000000020DF4F154
BASE;230.01;270.00;13.00;MotoScooter;7.50;4.00;48H;null;77;0x000000020DF4F155
BASE;230.01;270.00;13.00;MotoScooter;0.00;0.00;72H;null;78;0x000000020DF4F156
BASE;270.01;300.00;32.00;Vettura;4.70;3.00;24H;null;79;0x000000036E366EFC
BASE;270.01;300.00;32.00;Vettura;4.70;3.00;48H;null;80;0x000000036E366EFD
BASE;270.01;300.00;32.00;Vettura;0.00;0.00;72H;null;81;0x000000036E366EFE
BASE;270.01;300.00;13.00;MotoScooter;7.50;4.00;24H;null;82;0x000000020DF4F15A
BASE;270.01;300.00;13.00;MotoScooter;7.50;4.00;48H;null;83;0x000000020DF4F15B
BASE;270.01;300.00;13.00;MotoScooter;0.00;0.00;72H;null;84;0x000000020DF4F15C
BASE;300.01;9999.00;34.00;Vettura;4.70;3.00;24H;null;85;0x000000036E366F01
BASE;300.01;9999.00;34.00;Vettura;4.70;3.00;48H;null;86;0x000000036E366F02
BASE;300.01;9999.00;34.00;Vettura;0.00;0.00;72H;null;87;0x000000036E366F03
BASE;300.01;9999.00;13.00;MotoScooter;7.50;4.00;24H;null;88;0x000000020DF4F15F
BASE;300.01;9999.00;13.00;MotoScooter;7.50;4.00;48H;null;89;0x000000020DF4F160
BASE;300.01;9999.00;13.00;MotoScooter;0.00;0.00;72H;null;90;0x000000020DF4F161
STD;0.00;30.00;7.00;Vettura;4.70;3.00;24H;null;91;0x00000001FEB35419
STD;0.00;30.00;7.00;Vettura;4.70;3.00;48H;null;92;0x00000001FEB3541A
STD;0.00;30.00;7.00;Vettura;0.00;0.00;72H;null;93;0x00000001DF762A1F
STD;0.00;30.00;8.00;MotoScooter;7.50;4.00;24H;null;94;0x0000000368063C95
STD;0.00;30.00;8.00;MotoScooter;7.50;4.00;48H;null;95;0x0000000368063C98
STD;0.00;30.00;7.00;MotoScooter;0.00;0.00;72H;null;96;0x000000020DF4F0D0
STD;0.00;223.00;40.00;Autocarro;13.00;7.00;24H;null;97;0x0000000368063C92
STD;0.00;223.00;30.00;Autocarro;13.00;7.00;48H;null;98;0x00000001C1AD1EEF
STD;0.00;223.00;20.00;Autocarro;0.00;0.00;72H;null;99;0x00000001C1AD1EF0
STD;30.01;40.00;9.00;Vettura;4.70;3.00;24H;null;100;0x0000000368063CAD
STD;30.01;40.00;9.00;Vettura;4.70;3.00;48H;null;101;0x0000000368063CB0
STD;30.01;40.00;9.00;Vettura;0.00;0.00;72H;null;102;0x0000000368063CB3
STD;30.01;40.00;8.00;MotoScooter;7.50;4.00;24H;null;103;0x000000020DF4F0D8
STD;30.01;40.00;8.00;MotoScooter;7.50;4.00;48H;null;104;0x000000020DF4F0D9
STD;30.01;40.00;8.00;MotoScooter;0.00;0.00;72H;null;105;0x000000020DF4F0DA
STD;40.01;50.00;10.00;Vettura;4.70;3.00;24H;null;106;0x0000000368063CC5
STD;40.01;50.00;10.00;Vettura;4.70;3.00;48H;null;107;0x0000000368063CC8
STD;40.01;50.00;10.00;Vettura;0.00;0.00;72H;null;108;0x0000000368063CCB
STD;40.01;50.00;10.00;MotoScooter;7.50;4.00;24H;null;109;0x0000000368063CB9
STD;40.01;50.00;10.00;MotoScooter;7.50;4.00;48H;null;110;0x0000000368063CBC
STD;40.01;50.00;10.00;MotoScooter;0.00;0.00;72H;null;111;0x0000000368063CBF
STD;50.01;60.00;12.00;Vettura;4.70;3.00;24H;null;112;0x00000001FEB3541F
STD;50.01;60.00;12.00;Vettura;4.70;3.00;48H;null;113;0x00000001FEB35420
STD;50.01;60.00;12.00;Vettura;0.00;0.00;72H;null;114;0x000000020DF4F0EF
STD;50.01;60.00;12.00;MotoScooter;7.50;4.00;24H;null;115;0x000000020DF4F0F3
STD;50.01;60.00;12.00;MotoScooter;7.50;4.00;48H;null;116;0x000000020DF4F0F2
STD;50.01;60.00;12.00;MotoScooter;0.00;0.00;72H;null;117;0x000000020DF4F0F1
STD;60.01;75.00;14.50;Vettura;4.70;3.00;24H;null;118;0x00000001FEB35421
STD;60.01;75.00;14.50;Vettura;4.70;3.00;48H;null;119;0x00000001FEB35422
STD;60.01;75.00;14.50;Vettura;0.00;0.00;72H;null;120;0x000000020DF4F112
STD;60.01;75.00;12.00;MotoScooter;7.50;4.00;24H;null;121;0x000000020DF4F125
STD;60.01;75.00;12.00;MotoScooter;7.50;4.00;48H;null;122;0x000000020DF4F124
STD;60.01;75.00;12.00;MotoScooter;0.00;0.00;72H;null;123;0x000000020DF4F123
STD;75.01;90.00;16.50;Vettura;4.70;3.00;24H;null;124;0x00000001FEB35423
STD;75.01;90.00;16.50;Vettura;4.70;3.00;48H;null;125;0x00000001FEB35424
STD;75.01;90.00;16.50;Vettura;0.00;0.00;72H;null;126;0x000000020DF4F114
STD;75.01;90.00;13.00;MotoScooter;7.50;4.00;24H;null;127;0x000000020DF4F11E
STD;75.01;90.00;13.00;MotoScooter;7.50;4.00;48H;null;128;0x000000020DF4F11F
STD;75.01;90.00;13.00;MotoScooter;0.00;0.00;72H;null;129;0x000000020DF4F120
STD;90.01;110.00;18.50;Vettura;4.70;3.00;24H;null;130;0x00000001FEB35425
STD;90.01;110.00;18.50;Vettura;4.70;3.00;48H;null;131;0x00000001FEB35426
STD;90.01;110.00;18.50;Vettura;0.00;0.00;72H;null;132;0x000000020DF4F12A
STD;90.01;110.00;14.00;MotoScooter;7.50;4.00;24H;null;133;0x000000020DF4F126
STD;90.01;110.00;14.00;MotoScooter;7.50;4.00;48H;null;134;0x000000020DF4F127
STD;90.01;110.00;14.00;MotoScooter;0.00;0.00;72H;null;135;0x000000020DF4F128
STD;110.01;130.00;21.00;Vettura;4.70;3.00;24H;null;136;0x00000001FEB35427
STD;110.01;130.00;21.00;Vettura;4.70;3.00;48H;null;137;0x00000001FEB35428
STD;110.01;130.00;21.00;Vettura;0.00;0.00;72H;null;138;0x000000020DF4F134
STD;110.01;130.00;15.00;MotoScooter;7.50;4.00;24H;null;139;0x000000020DF4F12C
STD;110.01;130.00;15.00;MotoScooter;7.50;4.00;48H;null;140;0x000000020DF4F12D
STD;110.01;130.00;15.00;MotoScooter;0.00;0.00;72H;null;141;0x000000020DF4F12E
STD;130.01;160.00;25.00;Vettura;4.70;3.00;24H;null;142;0x00000001FEB35429
STD;130.01;160.00;25.00;Vettura;4.70;3.00;48H;null;143;0x00000001FEB3542A
STD;130.01;160.00;25.00;Vettura;0.00;0.00;72H;null;144;0x000000020DF4F14D
STD;130.01;160.00;15.00;MotoScooter;7.50;4.00;24H;null;145;0x000000020DF4F13D
STD;130.01;160.00;15.00;MotoScooter;7.50;4.00;48H;null;146;0x000000020DF4F13E
STD;130.01;160.00;15.00;MotoScooter;0.00;0.00;72H;null;147;0x000000020DF4F13F
STD;160.01;190.00;28.00;Vettura;4.70;3.00;24H;null;148;0x00000001FEB3542B
STD;160.01;190.00;28.00;Vettura;4.70;3.00;48H;null;149;0x00000001FEB3542C
STD;160.01;190.00;28.00;Vettura;0.00;0.00;72H;null;150;0x000000020DF4F14E
STD;160.01;190.00;15.00;MotoScooter;7.50;4.00;24H;null;151;0x000000020DF4F14C
STD;160.01;190.00;15.00;MotoScooter;7.50;4.00;48H;null;152;0x000000020DF4F14B
STD;160.01;190.00;15.00;MotoScooter;0.00;0.00;72H;null;153;0x000000020DF4F14A
STD;190.01;230.00;31.00;Vettura;4.70;3.00;24H;null;154;0x00000001FEB3542D
STD;190.01;230.00;31.00;Vettura;4.70;3.00;48H;null;155;0x00000001FEB3542E
STD;190.01;230.00;31.00;Vettura;0.00;0.00;72H;null;156;0x000000020DF4F153
STD;190.01;230.00;15.00;MotoScooter;7.50;4.00;24H;null;157;0x00000001C1AD1F2B
STD;190.01;230.00;15.00;MotoScooter;7.50;4.00;48H;null;158;0x00000001C1AD1F2C
STD;190.01;230.00;15.00;MotoScooter;0.00;0.00;72H;null;159;0x00000001C1AD1F2D
STD;224.00;260.00;50.00;Autocarro;13.00;7.00;24H;null;160;0x00000001C1AD1F2E
STD;224.00;260.00;50.00;Autocarro;13.00;7.00;48H;null;161;0x00000001C1AD1F2F
STD;224.00;260.00;30.00;Autocarro;0.00;0.00;72H;null;162;0x00000001C1AD1F30
STD;230.01;270.00;33.00;Vettura;4.70;3.00;24H;null;163;0x00000001FEB3542F
STD;230.01;270.00;33.00;Vettura;4.70;3.00;48H;null;164;0x00000001FEB35430
STD;230.01;270.00;33.00;Vettura;0.00;0.00;72H;null;165;0x000000020DF4F159
STD;230.01;270.00;15.00;MotoScooter;7.50;4.00;24H;null;166;0x00000001C1AD1F34
STD;230.01;270.00;15.00;MotoScooter;7.50;4.00;48H;null;167;0x00000001C1AD1F35
STD;230.01;270.00;15.00;MotoScooter;0.00;0.00;72H;null;168;0x00000001C1AD1F36
STD;270.01;300.00;35.00;Vettura;4.70;3.00;24H;null;169;0x00000001FEB35431
STD;270.01;300.00;35.00;Vettura;4.70;3.00;48H;null;170;0x00000001FEB35432
STD;270.01;300.00;35.00;Vettura;0.00;0.00;72H;null;171;0x000000020DF4F15E
STD;270.01;300.00;15.00;MotoScooter;7.50;4.00;24H;null;172;0x00000001C1AD1F3A
STD;270.01;300.00;15.00;MotoScooter;7.50;4.00;48H;null;173;0x00000001C1AD1F3B
STD;270.01;300.00;15.00;MotoScooter;0.00;0.00;72H;null;174;0x00000001C1AD1F3C
STD;300.01;9999.00;40.00;Vettura;4.70;3.00;24H;null;175;0x000000020DF4F164
STD;300.01;9999.00;40.00;Vettura;4.70;3.00;48H;null;176;0x000000020DF4F165
STD;300.01;9999.00;40.00;Vettura;0.00;0.00;72H;null;177;0x000000020DF4F166
STD;300.01;9999.00;15.00;MotoScooter;7.50;4.00;24H;null;178;0x00000001C1AD1F40
STD;300.01;9999.00;15.00;MotoScooter;7.50;4.00;48H;null;179;0x00000001C1AD1F41
STD;300.01;9999.00;15.00;MotoScooter;0.00;0.00;72H;null;180;0x00000001C1AD1F42
TOP;0.00;30.00;4.00;Vettura;4.70;3.00;24H;null;181;0x0000000368063C9D
TOP;0.00;30.00;4.00;Vettura;4.70;3.00;48H;null;182;0x0000000368063C9F
TOP;0.00;30.00;4.00;Vettura;0.00;0.00;72H;null;183;0x0000000368063CA1
TOP;0.00;30.00;5.00;MotoScooter;7.50;4.00;24H;null;184;0x0000000368063C96
TOP;0.00;30.00;5.00;MotoScooter;7.50;4.00;48H;null;185;0x0000000368063C99
TOP;0.00;30.00;4.00;MotoScooter;0.00;0.00;72H;null;186;0x0000000368063C9A
TOP;0.00;223.00;30.00;Autocarro;13.00;7.00;24H;null;187;0x0000000368063C91
TOP;0.00;223.00;20.00;Autocarro;13.00;7.00;48H;null;188;0x00000001C1AD1F4A
TOP;0.00;223.00;10.00;Autocarro;0.00;0.00;72H;null;189;0x00000001C1AD1F4B
TOP;30.01;40.00;5.00;Vettura;4.70;3.00;24H;null;190;0x0000000368063CAE
TOP;30.01;40.00;5.00;Vettura;4.70;3.00;48H;null;191;0x0000000368063CB1
TOP;30.01;40.00;5.00;Vettura;0.00;0.00;72H;null;192;0x0000000368063CB4
TOP;30.01;40.00;5.00;MotoScooter;7.50;4.00;24H;null;193;0x0000000368063CA4
TOP;30.01;40.00;5.00;MotoScooter;7.50;4.00;48H;null;194;0x0000000368063CA5
TOP;30.01;40.00;5.00;MotoScooter;0.00;0.00;72H;null;195;0x0000000368063CA6
TOP;40.01;50.00;6.00;Vettura;4.70;3.00;24H;null;196;0x0000000368063CC6
TOP;40.01;50.00;6.00;Vettura;4.70;3.00;48H;null;197;0x0000000368063CC9
TOP;40.01;50.00;6.00;Vettura;0.00;0.00;72H;null;198;0x0000000368063CCC
TOP;40.01;50.00;6.00;MotoScooter;7.50;4.00;24H;null;199;0x0000000368063CBA
TOP;40.01;50.00;6.00;MotoScooter;7.50;4.00;48H;null;200;0x0000000368063CBD
TOP;40.01;50.00;6.00;MotoScooter;0.00;0.00;72H;null;201;0x0000000368063CC0
TOP;50.01;60.00;6.00;Vettura;4.70;3.00;24H;null;202;0x00000001FEB3543B
TOP;50.01;60.00;6.00;Vettura;4.70;3.00;48H;null;203;0x00000001FEB3543C
TOP;50.01;60.00;6.00;Vettura;0.00;0.00;72H;null;204;0x00000001D198AAF4
TOP;50.01;60.00;6.00;MotoScooter;7.50;4.00;24H;null;205;0x000000020DF4F0E6
TOP;50.01;60.00;6.00;MotoScooter;7.50;4.00;48H;null;206;0x000000020DF4F0E7
TOP;50.01;60.00;6.00;MotoScooter;0.00;0.00;72H;null;207;0x000000020DF4F0E8
TOP;60.01;75.00;7.50;Vettura;4.70;3.00;24H;null;208;0x000000027275B239
TOP;60.01;75.00;7.50;Vettura;4.70;3.00;48H;null;209;0x000000027275B23A
TOP;60.01;75.00;7.50;Vettura;0.00;0.00;72H;null;210;0x000000027275B23B
TOP;60.01;75.00;7.00;MotoScooter;7.50;4.00;24H;null;211;0x000000025EF3FB11
TOP;60.01;75.00;7.00;MotoScooter;7.50;4.00;48H;null;212;0x000000025EF3FB12
TOP;60.01;75.00;7.00;MotoScooter;0.00;0.00;72H;null;213;0x000000025EF3FB13
TOP;75.01;90.00;9.00;Vettura;4.70;3.00;24H;null;214;0x00000001FEB3543F
TOP;75.01;90.00;9.00;Vettura;4.70;3.00;48H;null;215;0x00000001FEB35440
TOP;75.01;90.00;9.00;Vettura;0.00;0.00;72H;null;216;0x00000001DF7636D3
TOP;75.01;90.00;8.00;MotoScooter;7.50;4.00;24H;null;217;0x000000020DF4F106
TOP;75.01;90.00;8.00;MotoScooter;7.50;4.00;48H;null;218;0x000000020DF4F107
TOP;75.01;90.00;8.00;MotoScooter;0.00;0.00;72H;null;219;0x000000020DF4F108
TOP;90.01;110.00;11.00;Vettura;4.70;3.00;24H;null;220;0x00000001FEB35441
TOP;90.01;110.00;11.00;Vettura;4.70;3.00;48H;null;221;0x00000001FEB35442
TOP;90.01;110.00;11.00;Vettura;0.00;0.00;72H;null;222;0x00000001DF7636D5
TOP;90.01;110.00;10.00;MotoScooter;7.50;4.00;24H;null;223;0x000000020DF4F119
TOP;90.01;110.00;10.00;MotoScooter;7.50;4.00;48H;null;224;0x000000020DF4F11A
TOP;90.01;110.00;10.00;MotoScooter;0.00;0.00;72H;null;225;0x000000020DF4F11B
TOP;110.01;130.00;12.00;Vettura;4.70;3.00;24H;null;226;0x00000001FEB35443
TOP;110.01;130.00;12.00;Vettura;4.70;3.00;48H;null;227;0x00000001FEB35444
TOP;110.01;130.00;12.00;Vettura;0.00;0.00;72H;null;228;0x00000001DF7636D8
TOP;110.01;130.00;11.00;MotoScooter;7.50;4.00;24H;null;229;0x000000020DF4F130
TOP;110.01;130.00;11.00;MotoScooter;7.50;4.00;48H;null;230;0x000000020DF4F131
TOP;110.01;130.00;11.00;MotoScooter;0.00;0.00;72H;null;231;0x000000020DF4F132
TOP;130.01;160.00;14.00;Vettura;4.70;3.00;24H;null;232;0x00000001FEB35445
TOP;130.01;160.00;14.00;Vettura;4.70;3.00;48H;null;233;0x00000001FEB35446
TOP;130.01;160.00;14.00;Vettura;0.00;0.00;72H;null;234;0x00000001DF7636DC
TOP;130.01;160.00;11.00;MotoScooter;7.50;4.00;24H;null;235;0x000000020DF4F135
TOP;130.01;160.00;11.00;MotoScooter;7.50;4.00;48H;null;236;0x000000020DF4F136
TOP;130.01;160.00;11.00;MotoScooter;0.00;0.00;72H;null;237;0x000000020DF4F137
TOP;160.01;190.00;16.00;Vettura;4.70;3.00;24H;null;238;0x00000001FEB35447
TOP;160.01;190.00;16.00;Vettura;4.70;3.00;48H;null;239;0x00000001FEB35448
TOP;160.01;190.00;16.00;Vettura;0.00;0.00;72H;null;240;0x00000001DF7636DF
TOP;160.01;190.00;11.00;MotoScooter;7.50;4.00;24H;null;241;0x000000020DF4F141
TOP;160.01;190.00;11.00;MotoScooter;7.50;4.00;48H;null;242;0x000000020DF4F142
TOP;160.01;190.00;11.00;MotoScooter;0.00;0.00;72H;null;243;0x000000020DF4F143
TOP;190.01;230.00;17.00;Vettura;4.70;3.00;24H;null;244;0x00000001FEB35449
TOP;190.01;230.00;17.00;Vettura;4.70;3.00;48H;null;245;0x00000001FEB3544A
TOP;190.01;230.00;17.00;Vettura;0.00;0.00;72H;null;246;0x00000001DF7636E2
TOP;190.01;230.00;11.00;MotoScooter;7.50;4.00;24H;null;247;0x00000001C1AD1F85
TOP;190.01;230.00;11.00;MotoScooter;7.50;4.00;48H;null;248;0x00000001C1AD1F86
TOP;190.01;230.00;11.00;MotoScooter;0.00;0.00;72H;null;249;0x00000001C1AD1F87
TOP;224.00;260.00;40.00;Autocarro;13.00;7.00;24H;null;250;0x00000001CA94E48F
TOP;224.00;260.00;40.00;Autocarro;13.00;7.00;48H;null;251;0x00000001CEC64AEE
TOP;224.00;260.00;20.00;Autocarro;0.00;0.00;72H;null;252;0x000000020DF4F158
TOP;230.01;270.00;18.00;Vettura;4.70;3.00;24H;null;253;0x00000001FEB3544B
TOP;230.01;270.00;18.00;Vettura;4.70;3.00;48H;null;254;0x00000001FEB3544C
TOP;230.01;270.00;18.00;Vettura;0.00;0.00;72H;null;255;0x00000001DF7636E5
TOP;230.01;270.00;11.00;MotoScooter;7.50;4.00;24H;null;256;0x00000001C1AD1F8E
TOP;230.01;270.00;11.00;MotoScooter;7.50;4.00;48H;null;257;0x00000001C1AD1F8F
TOP;230.01;270.00;11.00;MotoScooter;0.00;0.00;72H;null;258;0x00000001C1AD1F90
TOP;270.01;300.00;20.00;Vettura;4.70;3.00;24H;null;259;0x000000020DF4F169
TOP;270.01;300.00;20.00;Vettura;4.70;3.00;48H;null;260;0x000000020DF4F16A
TOP;270.01;300.00;20.00;Vettura;0.00;0.00;72H;null;261;0x000000020DF4F16B
TOP;270.01;300.00;11.00;MotoScooter;7.50;4.00;24H;null;262;0x00000001C1AD1F94
TOP;270.01;300.00;11.00;MotoScooter;7.50;4.00;48H;null;263;0x00000001C1AD1F95
TOP;270.01;300.00;11.00;MotoScooter;0.00;0.00;72H;null;264;0x00000001C1AD1F96
TOP;300.01;9999.00;22.00;Vettura;4.70;3.00;24H;null;265;0x00000001FEB3544F
TOP;300.01;9999.00;22.00;Vettura;4.70;3.00;48H;null;266;0x00000001FEB35450
TOP;300.01;9999.00;22.00;Vettura;0.00;0.00;72H;null;267;0x000000020DF4F163
TOP;300.01;9999.00;11.00;MotoScooter;7.50;4.00;24H;null;268;0x00000001C1AD1F9A
TOP;300.01;9999.00;11.00;MotoScooter;7.50;4.00;48H;null;269;0x00000001C1AD1F9B
TOP;300.01;9999.00;11.00;MotoScooter;0.00;0.00;72H;null;270;0x00000001C1AD1F9C
BASE;0.00;30.00;6.00;Vettura;4.70;3.00;72H_CST;null;271;0x000000036E3667B2
BASE;0.00;30.00;5.00;MotoScooter;7.50;4.00;72H_CST;null;272;0x000000020DF4F0C9
BASE;0.00;223.00;25.00;Autocarro;13.00;7.00;72H_CST;null;273;0x000000020A06E02F
BASE;30.01;40.00;8.00;Vettura;4.70;3.00;72H_CST;null;274;0x000000036E366E8C
BASE;30.01;40.00;7.00;MotoScooter;7.50;4.00;72H_CST;null;275;0x0000000368063CA8
BASE;40.01;50.00;9.00;Vettura;4.70;3.00;72H_CST;null;276;0x000000036E366E90
BASE;40.01;50.00;8.00;MotoScooter;7.50;4.00;72H_CST;null;277;0x0000000368063CC1
BASE;50.01;60.00;10.00;Vettura;4.70;3.00;72H_CST;null;278;0x000000036E366E94
BASE;50.01;60.00;9.00;MotoScooter;7.50;4.00;72H_CST;null;279;0x000000020DF4F0EE
BASE;60.01;75.00;12.00;Vettura;4.70;3.00;72H_CST;null;280;0x000000036E366E98
BASE;60.01;75.00;10.00;MotoScooter;7.50;4.00;72H_CST;null;281;0x000000020DF4F0FC
BASE;75.01;90.00;14.00;Vettura;4.70;3.00;72H_CST;null;282;0x000000036E366E9C
BASE;75.01;90.00;11.00;MotoScooter;7.50;4.00;72H_CST;null;283;0x000000020DF4F118
BASE;90.01;110.00;16.00;Vettura;4.70;3.00;72H_CST;null;284;0x000000036E366EA1
BASE;90.01;110.00;12.00;MotoScooter;7.50;4.00;72H_CST;null;285;0x000000020DF4F11D
BASE;110.01;130.00;18.00;Vettura;4.70;3.00;72H_CST;null;286;0x000000036E366EC8
BASE;110.01;130.00;13.00;MotoScooter;7.50;4.00;72H_CST;null;287;0x000000020DF4F12B
BASE;130.01;160.00;21.00;Vettura;4.70;3.00;72H_CST;null;288;0x000000036E366EEF
BASE;130.01;160.00;13.00;MotoScooter;7.50;4.00;72H_CST;null;289;0x000000020DF4F139
BASE;160.01;190.00;24.00;Vettura;4.70;3.00;72H_CST;null;290;0x000000036E366EF3
BASE;160.01;190.00;13.00;MotoScooter;7.50;4.00;72H_CST;null;291;0x000000020DF4F148
BASE;190.01;230.00;26.00;Vettura;4.70;3.00;72H_CST;null;292;0x000000036E366EF7
BASE;190.01;230.00;13.00;MotoScooter;7.50;4.00;72H_CST;null;293;0x000000020DF4F152
BASE;224.00;260.00;40.00;Autocarro;13.00;7.00;72H_CST;null;294;0x000000020A06E044
BASE;230.01;270.00;30.00;Vettura;4.70;3.00;72H_CST;null;295;0x000000036E366EFB
BASE;230.01;270.00;13.00;MotoScooter;7.50;4.00;72H_CST;null;296;0x000000020DF4F157
BASE;270.01;300.00;32.00;Vettura;4.70;3.00;72H_CST;null;297;0x000000036E366EFF
BASE;270.01;300.00;13.00;MotoScooter;7.50;4.00;72H_CST;null;298;0x000000020DF4F15D
BASE;300.01;9999.00;34.00;Vettura;4.70;3.00;72H_CST;null;299;0x000000036E4907E1
BASE;300.01;9999.00;13.00;MotoScooter;7.50;4.00;72H_CST;null;300;0x000000020DF4F162
STD;0.00;30.00;7.00;Vettura;4.70;3.00;72H_CST;null;301;0x000000020A06E04B
STD;0.00;30.00;7.00;MotoScooter;7.50;4.00;72H_CST;null;302;0x000000020DF4F0CF
STD;0.00;223.00;30.00;Autocarro;13.00;7.00;72H_CST;null;303;0x000000020A06E04D
STD;30.01;40.00;9.00;Vettura;4.70;3.00;72H_CST;null;304;0x0000000368063CB6
STD;30.01;40.00;8.00;MotoScooter;7.50;4.00;72H_CST;null;305;0x000000020DF4F0DB
STD;40.01;50.00;10.00;Vettura;4.70;3.00;72H_CST;null;306;0x0000000368063CCE
STD;40.01;50.00;10.00;MotoScooter;7.50;4.00;72H_CST;null;307;0x0000000368063CC2
STD;50.01;60.00;12.00;Vettura;4.70;3.00;72H_CST;null;308;0x000000020A06E052
STD;50.01;60.00;12.00;MotoScooter;7.50;4.00;72H_CST;null;309;0x000000020DF4F0F0
STD;60.01;75.00;14.50;Vettura;4.70;3.00;72H_CST;null;310;0x000000020A06E054
STD;60.01;75.00;12.00;MotoScooter;7.50;4.00;72H_CST;null;311;0x000000020DF4F122
STD;75.01;90.00;16.50;Vettura;4.70;3.00;72H_CST;null;312;0x000000020A06E056
STD;75.01;90.00;13.00;MotoScooter;7.50;4.00;72H_CST;null;313;0x000000020DF4F121
STD;90.01;110.00;18.50;Vettura;4.70;3.00;72H_CST;null;314;0x000000020A06E058
STD;90.01;110.00;14.00;MotoScooter;7.50;4.00;72H_CST;null;315;0x000000020DF4F129
STD;110.01;130.00;21.00;Vettura;4.70;3.00;72H_CST;null;316;0x000000020A06E05A
STD;110.01;130.00;15.00;MotoScooter;7.50;4.00;72H_CST;null;317;0x000000020DF4F12F
STD;130.01;160.00;25.00;Vettura;4.70;3.00;72H_CST;null;318;0x000000020A06E05C
STD;130.01;160.00;15.00;MotoScooter;7.50;4.00;72H_CST;null;319;0x000000020DF4F140
STD;160.01;190.00;28.00;Vettura;4.70;3.00;72H_CST;null;320;0x000000020A06E05E
STD;160.01;190.00;15.00;MotoScooter;7.50;4.00;72H_CST;null;321;0x000000020DF4F149
STD;190.01;230.00;31.00;Vettura;4.70;3.00;72H_CST;null;322;0x000000020A06E060
STD;190.01;230.00;15.00;MotoScooter;7.50;4.00;72H_CST;null;323;0x000000020A06E061
STD;224.00;260.00;50.00;Autocarro;13.00;7.00;72H_CST;null;324;0x000000020A06E062
STD;230.01;270.00;33.00;Vettura;4.70;3.00;72H_CST;null;325;0x000000020A06E063
STD;230.01;270.00;15.00;MotoScooter;7.50;4.00;72H_CST;null;326;0x000000020A06E064
STD;270.01;300.00;35.00;Vettura;4.70;3.00;72H_CST;null;327;0x000000020A06E065
STD;270.01;300.00;15.00;MotoScooter;7.50;4.00;72H_CST;null;328;0x000000020A06E066
STD;300.01;9999.00;40.00;Vettura;4.70;3.00;72H_CST;null;329;0x000000020DF4F167
STD;300.01;9999.00;15.00;MotoScooter;7.50;4.00;72H_CST;null;330;0x000000020A06E068
TOP;0.00;30.00;4.00;Vettura;4.70;3.00;72H_CST;null;331;0x0000000368063CA3
TOP;0.00;30.00;4.00;MotoScooter;7.50;4.00;72H_CST;null;332;0x0000000368063C9B
TOP;0.00;223.00;20.00;Autocarro;13.00;7.00;72H_CST;null;333;0x000000020A06E06B
TOP;30.01;40.00;5.00;Vettura;4.70;3.00;72H_CST;null;334;0x0000000368063CB7
TOP;30.01;40.00;5.00;MotoScooter;7.50;4.00;72H_CST;null;335;0x0000000368063CA7
TOP;40.01;50.00;6.00;Vettura;4.70;3.00;72H_CST;null;336;0x0000000368063CCF
TOP;40.01;50.00;6.00;MotoScooter;7.50;4.00;72H_CST;null;337;0x0000000368063CC3
TOP;50.01;60.00;6.00;Vettura;4.70;3.00;72H_CST;null;338;0x000000020A06E070
TOP;50.01;60.00;6.00;MotoScooter;7.50;4.00;72H_CST;null;339;0x000000020DF4F0E9
TOP;60.01;75.00;7.50;Vettura;4.70;3.00;72H_CST;null;340;0x000000027275B23C
TOP;60.01;75.00;7.00;MotoScooter;7.50;4.00;72H_CST;null;341;0x000000025EF3FB14
TOP;75.01;90.00;9.00;Vettura;4.70;3.00;72H_CST;null;342;0x000000020A06E074
TOP;75.01;90.00;8.00;MotoScooter;7.50;4.00;72H_CST;null;343;0x000000020DF4F109
TOP;90.01;110.00;11.00;Vettura;4.70;3.00;72H_CST;null;344;0x000000020A06E076
TOP;90.01;110.00;10.00;MotoScooter;7.50;4.00;72H_CST;null;345;0x000000020DF4F11C
TOP;110.01;130.00;12.00;Vettura;4.70;3.00;72H_CST;null;346;0x000000020A06E078
TOP;110.01;130.00;11.00;MotoScooter;7.50;4.00;72H_CST;null;347;0x000000020DF4F133
TOP;130.01;160.00;14.00;Vettura;4.70;3.00;72H_CST;null;348;0x000000020A06E07A
TOP;130.01;160.00;11.00;MotoScooter;7.50;4.00;72H_CST;null;349;0x000000020DF4F138
TOP;160.01;190.00;16.00;Vettura;4.70;3.00;72H_CST;null;350;0x000000020A06E07C
TOP;160.01;190.00;11.00;MotoScooter;7.50;4.00;72H_CST;null;351;0x000000020DF4F144
TOP;190.01;230.00;17.00;Vettura;4.70;3.00;72H_CST;null;352;0x000000020A06E07E
TOP;190.01;230.00;11.00;MotoScooter;7.50;4.00;72H_CST;null;353;0x000000020A06E07F
TOP;224.00;260.00;40.00;Autocarro;13.00;7.00;72H_CST;null;354;0x000000020A06E080
TOP;230.01;270.00;18.00;Vettura;4.70;3.00;72H_CST;null;355;0x000000020A06E081
TOP;230.01;270.00;11.00;MotoScooter;7.50;4.00;72H_CST;null;356;0x000000020A06E082
TOP;270.01;300.00;20.00;Vettura;4.70;3.00;72H_CST;null;357;0x000000020DF4F16C
TOP;270.01;300.00;11.00;MotoScooter;7.50;4.00;72H_CST;null;358;0x000000020A06E084
TOP;300.01;9999.00;22.00;Vettura;4.70;3.00;72H_CST;null;359;0x000000020A06E085
TOP;300.01;9999.00;11.00;MotoScooter;7.50;4.00;72H_CST;null;360;0x000000020A06E086
