Articolo__r:Product2:External_Id__c;Codice_fornitore__c;Descrizione_fornitore__c;Ranking_fornitore__c;Disponibile__c;Impegnato__c;In_spedizione__c;Conto_deposito_fornitore_Distribuzione__c;Conto_deposito_fornitore_pdv__c;Costo__c;Prezzo_di_listino__c;Prezzo_PDV__c;PAC__c
42877;UNI;Univergomma;4;30;0;0;0;0;28.65;42.20;67.33;21.69
543363;UNI;Univergomma;1;30;0;0;0;0;217.90;0.00;0;0.00
65353;UNI;Univergomma;5;24;0;0;0;0;47.45;96.00;95.44;41.28
64519;UNI;Univergomma;3;16;0;0;0;0;41.60;112.50;123.3;59.89
63992;UNI;Univergomma;4;22;0;0;0;0;44.44;120.50;92.62;38.97
64525;UNI;Univergomma;1;30;0;0;0;0;30.30;82.00;103.49;43.65
516998;UNI;Univergomma;5;30;1;0;0;0;83.40;154.00;141.21;78.94
516998;UNI;Univergomma;5;30;1;0;0;0;83.40;154.00;141.21;78.94
516998;UNI;Univergomma;5;30;1;0;0;0;83.40;154.00;141.21;78.94
516998;UNI;Univergomma;5;30;0;0;0;0;83.40;154.00;141.21;78.94
516998;UNI;Univergomma;5;30;0;0;0;0;83.40;154.00;141.21;78.94
516998;UNI;Univergomma;5;30;0;0;0;0;83.40;154.00;141.21;78.94
516998;UNI;Univergomma;5;30;0;0;0;0;83.40;154.00;141.21;78.94
516998;UNI;Univergomma;5;30;0;0;0;0;83.40;154.00;141.21;78.94
516998;UNI;Univergomma;5;30;0;0;0;0;83.40;154.00;141.21;78.94
516981;UNI;Univergomma;4;21;0;0;2;0;93.85;159.50;148.24;84.91
516981;UNI;Univergomma;4;21;0;0;2;0;93.85;159.50;148.24;84.91
516981;UNI;Univergomma;4;21;0;0;2;0;93.85;159.50;148.24;84.91
516981;UNI;Univergomma;4;21;0;0;2;0;93.85;159.50;148.24;84.91
524713;UNI;Univergomma;5;16;0;0;0;0;42.68;86.00;90.19;36.98
506525;UNI;Univergomma;3;1;0;0;0;0;44.77;83.00;87.45;38.18
97897;UNI;Univergomma;1;4;0;0;0;0;26.29;65.32;0;0.00
524711;UNI;Univergomma;5;6;0;0;0;0;36.84;73.00;83.37;31.39
65352;UNI;Univergomma;4;9;0;0;0;0;43.10;86.00;90.19;36.98
63970;UNI;Univergomma;4;22;0;0;0;0;69.57;205.00;125.96;66.30
64180;UNI;Univergomma;5;30;0;0;0;0;63.46;127.50;114.92;56.57
63676;UNI;Univergomma;3;13;0;0;0;0;66.57;120.50;127.45;64.15
516983;UNI;Univergomma;5;30;1;0;0;0;81.65;142.50;138.31;73.05
516983;UNI;Univergomma;5;30;1;0;0;0;81.65;142.50;138.31;73.05
516983;UNI;Univergomma;5;30;0;0;0;0;81.65;142.50;138.31;73.05
516983;UNI;Univergomma;5;30;0;0;0;0;81.65;142.50;138.31;73.05
63636;UNI;Univergomma;5;30;0;0;0;0;58.69;116.00;104.09;61.75
524715;UNI;Univergomma;3;12;0;0;0;0;44.44;99.00;97.01;42.57
518991;UNI;Univergomma;5;10;0;0;0;0;46.92;83.50;87.73;38.41
524716;UNI;Univergomma;2;17;0;0;0;0;42.14;84.00;89.14;36.12
65372;UNI;Univergomma;5;24;0;0;0;0;53.16;108.00;101.73;46.44
506531;UNI;Univergomma;5;18;0;0;0;0;55.65;101.00;97.55;46.46
520418;UNI;Univergomma;1;20;0;0;0;0;353.22;631.00;0;0.00
516913;UNI;Univergomma;5;30;0;0;0;0;43.43;74.50;81.15;37.62
506542;UNI;Univergomma;5;6;0;0;0;0;48.74;89.00;90.81;40.94
524717;UNI;Univergomma;5;12;0;0;0;0;51.29;103.00;99.11;44.29
506543;UNI;Univergomma;6;5;0;0;0;0;56.62;102.00;98.11;46.92
525614;UNI;Univergomma;2;16;0;0;0;0;44.48;51.50;0;0.00
508687;UNI;Univergomma;1;16;0;0;0;0;63.54;117.00;0;0.00
78903;UNI;Univergomma;6;30;0;0;0;0;44.07;77.00;82.69;38.88
79140;UNI;Univergomma;2;1;0;0;0;0;40.18;69.50;79.77;36.49
65368;UNI;Univergomma;4;30;0;0;0;0;52.21;106.00;100.68;45.58
63907;UNI;Univergomma;5;30;1;0;0;0;102.77;190.50;163.03;97.64
63907;UNI;Univergomma;5;30;1;0;0;0;102.77;190.50;163.03;97.64
63907;UNI;Univergomma;5;30;1;0;0;0;102.77;190.50;163.03;97.64
63907;UNI;Univergomma;5;30;0;0;0;0;102.77;190.50;163.03;97.64
63907;UNI;Univergomma;5;30;0;0;0;0;102.77;190.50;163.03;97.64
63907;UNI;Univergomma;5;30;0;0;0;0;102.77;190.50;163.03;97.64
63907;UNI;Univergomma;5;30;0;0;0;0;102.77;190.50;163.03;97.64
63907;UNI;Univergomma;5;30;0;0;0;0;102.77;190.50;163.03;97.64
63907;UNI;Univergomma;5;30;0;0;0;0;102.77;190.50;163.03;97.64
518777;UNI;Univergomma;7;28;0;0;0;0;63.29;117.50;113.26;59.34
520734;UNI;Univergomma;2;2;0;0;0;0;93.52;191.00;200.76;93.96
79903;UNI;Univergomma;1;21;0;0;0;0;46.00;83.50;88.74;43.84
523187;UNI;Univergomma;2;1;0;0;0;0;42.06;74.00;82.65;38.85
56204;UNI;Univergomma;3;8;0;0;0;0;80.17;237.00;138.59;76.65
518996;UNI;Univergomma;2;1;0;0;0;0;85.71;169.00;135.71;77.74
63971;UNI;Univergomma;4;29;0;0;0;0;83.32;246.50;142.32;79.71
62798;UNI;Univergomma;4;5;0;0;0;0;160.46;279.00;217.75;142.29
508686;UNI;Univergomma;1;3;0;0;0;0;52.40;95.00;0;0.00
49000;UNI;Univergomma;1;2;0;0;0;0;198.75;348.00;282.61;156.25
523312;UNI;Univergomma;2;16;0;0;0;0;260.09;459.00;357.08;206.09
523310;UNI;Univergomma;4;10;0;0;0;0;177.06;307.00;260.15;137.84
62833;UNI;Univergomma;5;4;0;0;0;0;88.17;153.00;139.36;78.03
62825;UNI;Univergomma;5;5;0;0;0;0;70.65;122.00;120.07;62.22
524753;UNI;Univergomma;3;4;0;0;0;0;225.07;448.00;374.56;220.42
529385;UNI;Univergomma;2;1;0;0;0;0;122.96;343.00;229.27;125.97
103347;UNI;Univergomma;3;1;0;0;0;0;49.28;79.00;90.41;40.61
525466;UNI;Univergomma;5;28;0;0;0;0;68.47;127.00;119.1;64.13
51650;UNI;Univergomma;4;30;0;0;0;0;23.65;33.50;61.87;17.22
50239;UNI;Univergomma;3;8;0;0;0;0;191.52;332.00;273.85;149.07
525403;UNI;Univergomma;2;3;0;0;0;0;96.97;185.00;0;0.00
546368;UNI;Univergomma;6;14;0;0;0;0;147.55;302.50;270.97;146.71
546367;UNI;Univergomma;3;30;0;0;0;0;134.92;268.50;234.46;130.22
522850;UNI;Univergomma;2;17;0;0;0;0;91.39;182.50;175.37;88.51
546415;UNI;Univergomma;2;30;0;0;0;0;39.22;67.00;76.54;33.84
546391;UNI;Univergomma;5;30;0;0;0;0;62.32;115.50;135.73;56.02
525510;UNI;Univergomma;3;16;0;0;0;0;122.99;253.00;217.08;122.70
526034;UNI;Univergomma;3;2;0;0;0;0;136.38;357.00;263.31;129.23
529340;UNI;Univergomma;1;3;0;0;0;0;151.30;252.00;216.4;115.42
506524;UNI;Univergomma;4;23;0;0;0;0;48.21;88.00;90.25;40.48
547763;UNI;Univergomma;2;10;0;0;0;0;31.70;58.06;0;0.00
547779;UNI;Univergomma;2;13;0;0;0;0;54.76;124.44;0;0.00
98923;UNI;Univergomma;1;30;0;0;0;0;19.70;32.29;0;0.00
547422;UNI;Univergomma;6;29;0;0;0;0;97.71;186.00;181.08;86.47
529393;UNI;Univergomma;3;5;0;0;0;0;185.82;333.00;274.4;149.52
521837;UNI;Univergomma;4;2;0;0;0;0;118.55;235.50;203.82;111.83
521836;UNI;Univergomma;5;10;0;0;0;0;112.17;216.50;192.82;102.81
508783;UNI;Univergomma;4;2;0;0;0;0;94.83;187.50;0;0.00
521141;UNI;Univergomma;5;16;0;0;0;0;117.44;183.00;194.02;103.80
516172;UNI;Univergomma;5;12;0;0;0;0;105.62;203.50;185.29;96.64
524646;UNI;Univergomma;6;17;0;0;0;0;100.10;175.00;178.82;91.34
512400;UNI;Univergomma;1;4;0;0;0;0;119.60;185.00;0;0.00
57434;UNI;Univergomma;4;10;0;0;0;0;98.77;247.00;165.12;95.58
518628;UNI;Univergomma;5;30;0;0;0;0;95.41;188.00;168.1;89.34
520760;UNI;Univergomma;3;8;0;0;0;0;88.41;166.50;0;0.00
47812;UNI;Univergomma;1;30;0;0;0;0;105.45;156.50;159.33;87.90
520597;UNI;Univergomma;3;8;0;0;0;0;93.92;174.00;166.09;93.44
47891;UNI;Univergomma;3;30;4;0;0;0;122.46;240.00;194.13;118.73
47891;UNI;Univergomma;3;30;4;0;0;0;122.46;240.00;194.13;118.73
47891;UNI;Univergomma;3;30;0;0;0;0;122.46;240.00;194.13;118.73
47891;UNI;Univergomma;3;30;0;0;0;0;122.46;240.00;194.13;118.73
520823;UNI;Univergomma;5;21;0;0;0;0;85.81;168.00;142.42;76.34
532963;UNI;Univergomma;3;2;0;0;0;0;115.85;214.00;0;0.00
521863;UNI;Univergomma;2;3;0;0;0;0;89.24;170.50;0;0.00
79517;UNI;Univergomma;1;2;0;0;0;0;46.51;84.00;89.06;44.10
512403;UNI;Univergomma;5;30;0;0;0;0;72.93;110.00;111.26;60.00
508766;UNI;Univergomma;1;14;0;0;0;0;63.10;120.50;116.51;60.85
79050;UNI;Univergomma;4;15;0;0;0;0;67.06;127.00;120.51;64.13
99276;UNI;Univergomma;3;1;0;0;0;0;43.23;75.00;83.3;39.38
61986;UNI;Univergomma;1;16;0;0;0;0;61.76;79.20;0;0.00
508768;UNI;Univergomma;2;3;0;0;0;0;66.31;120.00;116.2;60.60
44399;UNI;Univergomma;3;14;0;0;0;0;82.42;160.50;140.23;79.40
66026;UNI;Univergomma;3;1;0;0;0;0;84.66;160.50;0;0.00
66237;UNI;Univergomma;3;1;0;0;0;0;101.54;201.50;169.97;103.77
519944;UNI;Univergomma;1;2;0;0;0;0;51.32;100.00;102.11;52.50
512414;UNI;Univergomma;6;30;0;0;0;0;70.87;106.50;108.7;57.90
525328;UNI;Univergomma;6;25;0;0;0;0;47.14;75.00;92.31;38.32
520863;UNI;Univergomma;2;30;0;0;0;0;72.36;142.50;125.97;67.71
510368;UNI;Univergomma;3;30;0;0;0;0;67.08;122.50;120.34;63.09
66301;UNI;Univergomma;2;1;0;0;0;0;66.50;122.50;120.34;63.09
66519;UNI;Univergomma;5;16;0;0;0;0;88.76;168.00;143.66;83.11
79051;UNI;Univergomma;5;30;0;0;0;0;68.53;127.50;120.82;64.39
103326;UNI;Univergomma;5;30;0;0;0;0;72.72;135.50;142.59;68.43
66539;UNI;Univergomma;3;12;0;0;0;0;94.48;179.50;167.44;88.80
64187;UNI;Univergomma;4;30;0;0;0;0;83.56;169.00;140.6;74.93
64169;UNI;Univergomma;3;15;0;0;45;0;77.60;154.50;122.12;82.24
64169;UNI;Univergomma;3;15;0;0;45;0;77.60;154.50;122.12;82.24
64169;UNI;Univergomma;3;15;0;0;45;0;77.60;154.50;122.12;82.24
64169;UNI;Univergomma;3;15;0;0;45;0;77.60;154.50;122.12;82.24
501032;UNI;Univergomma;4;30;0;0;0;0;91.01;176.50;151.03;83.48
508872;UNI;Univergomma;4;4;0;0;0;0;84.50;159.00;152.45;84.64
516984;UNI;Univergomma;5;20;1;0;0;0;107.73;189.00;167.37;96.87
516984;UNI;Univergomma;5;20;1;0;0;0;107.73;189.00;167.37;96.87
516984;UNI;Univergomma;5;20;0;0;0;0;107.73;189.00;167.37;96.87
516984;UNI;Univergomma;5;20;0;0;0;0;107.73;189.00;167.37;96.87
100008;UNI;Univergomma;2;13;0;0;0;0;92.46;165.00;146.82;84.15
63643;UNI;Univergomma;4;30;0;0;3;0;75.32;154.50;121.17;82.24
63643;UNI;Univergomma;4;30;0;0;3;0;75.32;154.50;121.17;82.24
63643;UNI;Univergomma;4;30;0;0;3;0;75.32;154.50;121.17;82.24
63643;UNI;Univergomma;4;30;0;0;3;0;75.32;154.50;121.17;82.24
521094;UNI;Univergomma;5;25;0;0;0;0;109.93;216.00;173.8;102.14
58983;UNI;Univergomma;3;1;0;0;0;0;108.67;213.00;203.43;104.79
508495;UNI;Univergomma;4;4;0;0;0;0;105.42;207.00;177.02;102.40
508481;UNI;Univergomma;4;30;0;0;0;0;85.95;163.00;141.75;80.64
516413;UNI;Univergomma;1;3;0;0;0;0;63.33;118.50;0;0.00
508496;UNI;Univergomma;5;12;0;0;0;0;85.07;161.50;140.83;79.89
519040;UNI;Univergomma;1;29;0;0;0;0;71.07;143.50;134.4;74.62
516414;UNI;Univergomma;6;30;0;0;0;0;67.77;126.50;114.42;60.11
516414;UNI;Univergomma;6;30;0;0;0;0;67.77;126.50;114.42;60.11
516414;UNI;Univergomma;6;30;0;0;0;0;67.77;126.50;114.42;60.11
516414;UNI;Univergomma;6;30;0;0;0;0;67.77;126.50;114.42;60.11
516414;UNI;Univergomma;6;30;0;0;0;0;67.77;126.50;114.42;60.11
516414;UNI;Univergomma;6;30;0;0;0;0;67.77;126.50;114.42;60.11
516414;UNI;Univergomma;6;30;0;0;0;0;67.77;126.50;114.42;60.11
516414;UNI;Univergomma;6;30;0;0;0;0;67.77;126.50;114.42;60.11
516414;UNI;Univergomma;6;30;0;0;0;0;67.77;126.50;114.42;60.11
524825;UNI;Univergomma;3;10;0;0;0;0;104.05;179.00;169.36;96.12
97821;UNI;Univergomma;1;1;0;0;0;0;81.86;150.50;0;0.00
523143;UNI;Univergomma;1;3;0;0;0;0;87.10;169.00;160.54;88.89
512426;UNI;Univergomma;3;15;0;0;0;0;77.35;117.50;116.75;64.50
516415;UNI;Univergomma;4;16;0;0;0;0;52.67;92.00;91.39;43.71
516405;UNI;Univergomma;2;3;0;0;0;0;58.37;108.50;104.44;50.06
520319;UNI;Univergomma;3;19;0;0;0;0;71.36;136.50;122.5;64.86
521891;UNI;Univergomma;4;4;0;0;0;0;86.59;164.00;142.35;81.13
524733;UNI;Univergomma;4;1;0;0;0;0;144.79;278.00;258.86;136.78
527493;UNI;Univergomma;6;20;0;0;0;0;148.77;294.00;234.92;139.56
59657;UNI;Univergomma;5;2;0;0;0;0;107.81;270.00;195.78;98.52
520022;UNI;Univergomma;4;30;0;0;0;0;241.31;433.00;342.84;194.42
523313;UNI;Univergomma;6;30;0;0;0;0;145.87;255.00;218.07;116.79
507634;UNI;Univergomma;6;1;0;0;0;0;88.95;222.00;172.06;85.80
512556;UNI;Univergomma;1;2;0;0;0;0;106.52;286.00;202.6;110.83
507665;UNI;Univergomma;4;15;0;0;0;0;155.71;418.00;291.3;152.17
517171;UNI;Univergomma;2;8;0;0;0;0;202.84;551.00;359.14;202.18
521467;UNI;Univergomma;6;1;0;0;0;0;143.47;370.00;258.05;136.12
521491;UNI;Univergomma;3;2;0;0;0;0;198.31;519.00;337.62;190.14
58968;UNI;Univergomma;4;1;0;0;0;0;99.85;176.00;179.47;91.87
58969;UNI;Univergomma;4;2;0;0;0;0;102.45;180.00;182.02;93.96
521934;UNI;Univergomma;2;7;0;0;0;0;105.29;203.50;185.29;96.64
525590;UNI;Univergomma;3;26;0;0;0;0;93.37;184.50;176.55;89.48
529968;UNI;Univergomma;4;30;0;0;0;0;160.89;316.00;273.35;162.10
517214;UNI;Univergomma;5;5;0;0;0;0;141.05;375.00;243.95;138.00
516169;UNI;Univergomma;4;8;0;0;0;0;156.48;313.50;272.56;161.45
512464;UNI;Univergomma;1;2;0;0;0;0;108.52;341.00;213.53;132.33
524829;UNI;Univergomma;2;5;0;0;0;0;113.41;247.00;213.9;132.63
516469;UNI;Univergomma;2;4;0;0;0;0;99.74;193.00;163.96;91.70
48509;UNI;Univergomma;4;3;0;0;0;0;118.96;214.00;192.29;114.92
508176;UNI;Univergomma;1;2;0;0;0;0;116.71;220.00;207.49;114.84
506781;UNI;Univergomma;2;4;0;0;0;0;107.00;207.50;0;0.00
508429;UNI;Univergomma;4;12;0;0;0;0;148.09;298.00;238.96;147.42
529325;UNI;Univergomma;4;12;0;0;0;0;139.96;257.00;211;117.71
75344;UNI;Univergomma;4;17;0;0;0;0;115.98;309.00;213.57;119.82
94962;UNI;Univergomma;2;12;0;0;0;0;134.02;359.00;237.42;139.37
506394;UNI;Univergomma;3;15;0;0;0;0;118.80;232.50;0;0.00
97711;UNI;Univergomma;2;3;0;0;0;0;146.51;288.00;0;0.00
81099;UNI;Univergomma;3;19;4;0;0;0;93.62;178.00;178.79;84.59
81099;UNI;Univergomma;3;19;4;0;0;0;93.62;178.00;178.79;84.59
81099;UNI;Univergomma;3;19;0;0;0;0;93.62;178.00;178.79;84.59
81099;UNI;Univergomma;3;19;0;0;0;0;93.62;178.00;178.79;84.59
521367;UNI;Univergomma;5;1;0;0;0;0;109.37;281.00;200.83;102.66
518630;UNI;Univergomma;3;30;0;0;0;0;108.26;204.00;173.1;93.44
516147;UNI;Univergomma;4;8;0;0;0;0;124.19;242.50;205.46;119.96
520619;UNI;Univergomma;4;8;0;0;0;0;103.94;185.00;185.19;96.56
521159;UNI;Univergomma;3;12;0;0;0;0;117.44;183.00;194.02;103.80
103821;UNI;Univergomma;1;1;0;0;0;0;98.97;258.00;0;0.00
520024;UNI;Univergomma;2;3;0;0;0;0;142.41;258.00;237.91;118.16
516747;UNI;Univergomma;1;1;0;0;0;0;84.70;179.50;0;0.00
66565;UNI;Univergomma;3;22;0;0;0;0;156.58;311.00;246.8;153.85
529319;UNI;Univergomma;1;13;0;0;0;0;113.64;203.00;180.81;92.97
512012;UNI;Univergomma;2;12;0;0;0;0;246.68;488.00;372.96;219.11
66530;UNI;Univergomma;6;2;0;0;0;0;75.54;143.50;129.97;70.99
521445;UNI;Univergomma;1;2;0;0;0;0;104.24;277.00;198.31;107.31
521430;UNI;Univergomma;1;1;0;0;0;0;99.45;302.00;210.23;117.08
521415;UNI;Univergomma;4;30;0;0;0;0;70.87;176.00;134.83;67.82
525968;UNI;Univergomma;3;6;0;0;0;0;200.91;548.00;350.93;201.05
526010;UNI;Univergomma;2;2;0;0;0;0;158.16;418.00;263.67;154.17
525900;UNI;Univergomma;3;2;0;0;0;0;176.80;469.00;314.68;171.34
529362;UNI;Univergomma;3;30;0;0;0;0;120.48;224.00;192.55;102.59
520080;UNI;Univergomma;3;1;0;0;0;0;260.09;578.00;0;0.00
520940;UNI;Univergomma;7;24;0;0;0;0;99.39;201.00;149.37;93.02
529484;UNI;Univergomma;5;14;0;0;0;0;52.04;97.00;91.5;46.10
529523;UNI;Univergomma;5;12;0;0;0;0;124.53;262.50;200.31;121.49
529388;UNI;Univergomma;3;4;0;0;0;0;197.23;532.00;343.58;195.03
529324;UNI;Univergomma;2;5;0;0;0;0;150.39;262.00;221.99;120.00
65350;UNI;Univergomma;4;30;0;0;0;0;48.87;99.00;97.01;42.57
103822;UNI;Univergomma;3;17;0;0;0;0;108.38;284.00;202.2;103.78
103823;UNI;Univergomma;5;28;0;0;0;0;111.56;293.00;206.33;107.17
520825;UNI;Univergomma;4;20;0;0;0;0;137.03;269.00;231.55;127.84
522744;UNI;Univergomma;1;1;0;0;0;0;111.41;218.00;193.67;103.51
66484;UNI;Univergomma;1;4;0;0;0;0;138.52;269.00;0;0.00
528603;UNI;Univergomma;1;8;0;0;0;0;110.24;216.50;192.82;102.81
524655;UNI;Univergomma;5;13;0;0;0;0;104.86;184.00;184.57;96.05
59888;UNI;Univergomma;3;24;0;0;0;0;102.23;277.00;193.22;107.31
524664;UNI;Univergomma;6;8;0;0;0;0;106.04;194.00;192.04;95.45
66080;UNI;Univergomma;2;2;0;0;0;0;125.72;255.00;218.68;117.29
103824;UNI;Univergomma;5;1;0;0;0;0;118.19;304.00;211.37;111.30
58990;UNI;Univergomma;4;4;0;0;0;0;114.36;213.00;219.83;104.79
507430;UNI;Univergomma;3;21;0;0;0;0;123.84;336.00;242.46;123.34
517166;UNI;Univergomma;4;4;0;0;0;0;92.79;254.00;188.44;92.50
49384;UNI;Univergomma;6;30;0;0;0;0;109.11;205.00;198.62;100.85
521377;UNI;Univergomma;1;7;0;0;0;0;116.99;343.00;229.27;125.97
525883;UNI;Univergomma;6;30;0;0;0;0;113.97;293.00;206.33;107.17
66487;UNI;Univergomma;2;2;0;0;0;0;132.39;266.50;234.83;137.25
511923;UNI;Univergomma;6;30;0;0;0;0;121.31;229.00;195.34;104.88
517169;UNI;Univergomma;2;2;0;0;0;0;136.99;364.00;255.29;133.86
521798;UNI;Univergomma;1;2;0;0;0;0;104.30;210.50;0;0.00
507633;UNI;Univergomma;3;5;0;0;0;0;205.67;519.00;326.39;192.14
508167;UNI;Univergomma;2;23;0;0;0;0;137.28;256.00;229.25;125.95
508530;UNI;Univergomma;6;4;0;0;0;0;124.66;243.00;211.95;111.77
59584;UNI;Univergomma;4;1;0;0;0;0;157.19;386.00;265.39;142.14
547772;UNI;Univergomma;1;1;0;0;0;0;43.49;122.32;0;0.00
521468;UNI;Univergomma;3;10;0;0;0;0;202.44;560.00;345.21;207.56
525596;UNI;Univergomma;4;22;0;0;0;0;113.85;224.00;208.13;108.64
521897;UNI;Univergomma;7;2;0;0;0;0;159.31;311.50;266.71;143.22
67654;UNI;Univergomma;4;12;0;0;0;0;136.81;271.00;249.11;128.79
98277;UNI;Univergomma;1;4;0;0;0;0;141.56;301.50;0;0.00
94937;UNI;Univergomma;4;22;0;0;0;0;141.71;375.00;271.57;136.00
520042;UNI;Univergomma;3;1;0;0;0;0;157.76;289.00;250.29;129.76
511974;UNI;Univergomma;2;1;0;0;0;0;188.81;414.00;0;0.00
65928;UNI;Univergomma;3;9;0;0;0;0;144.39;282.00;250.21;129.69
94941;UNI;Univergomma;5;2;0;0;0;0;138.35;366.00;256.22;134.62
517212;UNI;Univergomma;4;2;0;0;0;0;174.13;450.00;294.75;166.20
510629;UNI;Univergomma;4;2;0;0;0;0;168.05;326.00;0;0.00
59864;UNI;Univergomma;4;14;0;0;0;0;153.54;418.00;291.27;152.17
521455;UNI;Univergomma;5;3;0;0;0;0;193.09;487.00;322.94;178.11
508526;UNI;Univergomma;3;16;0;0;0;0;171.37;342.00;265.43;162.33
517213;UNI;Univergomma;3;6;0;0;0;0;157.61;421.00;265.05;155.30
518915;UNI;Univergomma;2;6;0;0;0;0;190.81;383.00;332.63;197.25
50417;UNI;Univergomma;4;7;0;0;0;0;152.30;423.00;282.37;156.05
507664;UNI;Univergomma;1;12;0;0;0;0;154.96;423.00;282.37;156.05
59874;UNI;Univergomma;2;30;0;0;0;0;169.52;464.00;312.39;169.46
523286;UNI;Univergomma;2;22;0;0;0;0;172.99;288.00;249.74;129.31
39851;UNI;Univergomma;4;6;0;0;0;0;166.81;315.00;281.05;154.97
521382;UNI;Univergomma;5;14;0;0;0;0;161.10;416.00;279.16;153.42
59886;UNI;Univergomma;3;30;0;0;0;0;166.92;448.00;305.06;163.45
521383;UNI;Univergomma;3;7;0;0;0;0;120.09;332.00;218.03;121.83
59902;UNI;Univergomma;2;8;0;0;0;0;120.26;320.00;235.11;117.32
517170;UNI;Univergomma;2;16;0;0;0;0;160.07;450.00;305.97;164.20
50584;UNI;Univergomma;3;20;0;0;0;0;105.69;277.00;198.99;101.15
516122;UNI;Univergomma;1;2;0;0;0;0;125.11;250.50;0;0.00
97735;UNI;Univergomma;3;4;0;0;0;0;199.82;408.50;342.47;194.12
58616;UNI;Univergomma;5;2;0;0;0;0;233.57;380.00;362.82;222.00
65874;UNI;Univergomma;2;2;0;0;0;0;199.06;418.50;326.64;192.34
507645;UNI;Univergomma;5;1;0;0;0;0;184.87;507.00;332.12;185.63
50799;UNI;Univergomma;3;5;0;0;0;0;213.92;432.00;0;0.00
529381;UNI;Univergomma;3;7;0;0;0;0;204.33;555.00;354.14;203.68
65991;UNI;Univergomma;4;1;0;0;0;0;195.20;390.00;324.32;179.24
508386;UNI;Univergomma;5;8;0;0;0;0;207.13;406.00;333.3;186.60
507428;UNI;Univergomma;1;19;0;0;0;0;164.15;480.00;308.51;177.48
522855;UNI;Univergomma;1;1;0;0;0;0;123.91;259.00;0;0.00
62504;UNI;Univergomma;4;4;0;0;0;0;164.83;457.00;297.96;168.83
66501;UNI;Univergomma;4;4;0;0;0;0;163.29;327.00;281.05;168.41
58989;UNI;Univergomma;4;19;0;0;0;0;112.38;209.00;217.42;102.82
512469;UNI;Univergomma;2;4;0;0;0;0;192.52;498.00;300.37;184.25
522750;UNI;Univergomma;3;7;0;0;0;0;170.20;350.00;288.26;160.88
520679;UNI;Univergomma;5;2;0;0;0;0;161.56;301.00;272.64;148.08
520318;UNI;Univergomma;6;8;0;0;0;0;187.72;355.00;283.22;168.69
66434;UNI;Univergomma;4;5;0;0;0;0;160.72;320.50;285.43;147.36
501061;UNI;Univergomma;2;10;0;0;0;0;172.54;425.00;0;0.00
517209;UNI;Univergomma;3;2;0;0;0;0;204.49;571.00;333.86;211.70
51159;UNI;Univergomma;2;2;0;0;0;0;165.01;459.00;298.87;169.58
507429;UNI;Univergomma;4;6;0;0;0;0;202.65;592.00;371.11;217.59
521356;UNI;Univergomma;2;22;0;0;0;0;170.82;459.00;316.93;167.58
521174;UNI;Univergomma;1;2;0;0;0;0;147.21;233.50;230.99;134.10
521476;UNI;Univergomma;3;12;0;0;0;0;261.78;713.00;433.45;263.09
525959;UNI;Univergomma;2;4;0;0;0;0;243.11;667.00;405.51;245.79
59984;UNI;Univergomma;2;5;0;0;0;0;275.75;502.00;380.64;225.40
520828;UNI;Univergomma;6;8;0;0;0;0;302.90;616.50;428.02;292.96
39912;UNI;Univergomma;4;4;0;0;0;0;185.30;350.00;302.07;172.20
59523;UNI;Univergomma;1;4;0;0;0;0;212.85;576.00;352.55;213.58
96455;UNI;Univergomma;1;4;0;0;0;0;334.75;589.00;428.29;264.46
511961;UNI;Univergomma;4;8;0;0;0;0;329.83;589.00;428.29;264.46
507661;UNI;Univergomma;2;2;0;0;0;0;229.19;626.00;386.71;230.38
75346;UNI;Univergomma;4;24;0;0;0;0;190.34;512.00;341.24;187.51
59857;UNI;Univergomma;3;7;0;0;0;0;165.30;443.00;309.6;161.57
59867;UNI;Univergomma;5;1;0;0;0;0;174.80;469.00;314.68;171.34
520406;UNI;Univergomma;1;5;0;0;0;0;364.87;738.00;0;0.00
59531;UNI;Univergomma;1;5;0;0;0;0;225.01;615.00;370.44;228.24
42623;UNI;Univergomma;1;4;0;0;0;0;427.28;755.00;519.22;338.99
520317;UNI;Univergomma;5;2;0;0;0;0;250.86;509.50;401.02;242.11
531560;UNI;Univergomma;2;20;0;0;0;0;239.86;557.00;0;0.00
520394;UNI;Univergomma;1;1;0;0;0;0;333.41;679.00;0;0.00
520829;UNI;Univergomma;5;8;0;0;0;0;354.37;701.00;518.89;333.12
102408;UNI;Univergomma;3;30;0;0;0;0;18.05;27.99;0;0.00
97894;UNI;Univergomma;2;30;0;0;0;0;27.77;53.46;0;0.00
64524;UNI;Univergomma;1;30;0;0;0;0;30.30;54.50;0;0.00
64526;UNI;Univergomma;1;30;0;0;0;0;29.95;79.50;101.87;42.32
52007;UNI;Univergomma;4;30;0;0;0;0;27.00;38.60;65.07;19.84
59977;UNI;Univergomma;3;8;0;0;0;0;283.33;500.00;379.54;224.50
525752;UNI;Univergomma;5;30;0;0;0;0;74.21;125.00;130.37;66.54
51307;UNI;Univergomma;3;25;0;0;0;0;26.47;37.80;0;19.43
47992;UNI;Univergomma;5;11;0;0;0;0;140.20;279.50;227.79;138.27
518434;UNI;Univergomma;5;21;0;0;0;0;121.55;219.00;186.12;112.24
525654;UNI;Univergomma;4;14;0;0;0;0;104.35;207.50;190.17;100.64
516416;UNI;Univergomma;5;16;0;0;0;0;62.74;114.00;109.47;54.18
527957;UNI;Univergomma;2;1;0;0;0;0;56.47;107.50;111.56;55.90
75718;UNI;Univergomma;6;12;0;0;0;0;102.41;175.00;166.73;93.97
512377;UNI;Univergomma;6;4;0;0;0;0;85.02;130.50;126.27;72.30
525239;UNI;Univergomma;2;6;0;0;0;0;60.95;110.00;101.84;52.28
512418;UNI;Univergomma;5;17;0;0;0;0;79.71;121.50;119.68;66.90
520830;UNI;Univergomma;4;10;4;0;0;0;56.78;101.00;100.15;47.99
520830;UNI;Univergomma;4;10;4;0;0;0;56.78;101.00;100.15;47.99
520830;UNI;Univergomma;4;10;4;0;0;0;56.78;101.00;100.15;47.99
520830;UNI;Univergomma;4;10;0;0;0;0;56.78;101.00;100.15;47.99
520830;UNI;Univergomma;4;10;0;0;0;0;56.78;101.00;100.15;47.99
520830;UNI;Univergomma;4;10;0;0;0;0;56.78;101.00;100.15;47.99
520830;UNI;Univergomma;4;10;0;0;0;0;56.78;101.00;100.15;47.99
520830;UNI;Univergomma;4;10;0;0;0;0;56.78;101.00;100.15;47.99
520830;UNI;Univergomma;4;10;0;0;0;0;56.78;101.00;100.15;47.99
66123;UNI;Univergomma;5;10;0;0;0;0;66.14;121.00;116.4;59.86
520111;UNI;Univergomma;3;25;0;0;0;0;199.65;343.00;279.88;154.01
511943;UNI;Univergomma;1;7;0;0;0;0;207.34;374.00;284.56;171.29
529485;UNI;Univergomma;6;30;0;0;0;0;66.22;131.50;114.3;62.49
545253;UNI;Univergomma;3;30;0;0;0;0;23.33;36.45;0;0.00
532996;UNI;Univergomma;5;4;0;0;0;0;169.75;321.00;284.65;157.92
559128;UNI;Univergomma;2;2;0;0;0;0;184.43;422.00;358.94;207.62
529493;UNI;Univergomma;5;24;0;0;0;0;72.68;145.50;122.41;69.14
545300;UNI;Univergomma;3;30;0;0;0;0;40.02;78.88;0;0.00
545301;UNI;Univergomma;3;30;0;0;0;0;38.97;99.14;0;0.00
545307;UNI;Univergomma;1;30;0;0;0;0;41.03;85.22;0;0.00
545310;UNI;Univergomma;1;20;0;0;0;0;45.42;0.00;0;0.00
516637;UNI;Univergomma;1;2;0;0;0;0;101.40;213.50;175.86;101.45
545316;UNI;Univergomma;1;2;0;0;0;0;41.20;0.00;0;0.00
545318;UNI;Univergomma;1;30;0;0;0;0;40.77;0.00;0;0.00
518726;UNI;Univergomma;1;8;0;0;0;0;55.28;106.50;0;0.00
545321;UNI;Univergomma;1;27;0;0;0;0;42.89;0.00;0;0.00
529483;UNI;Univergomma;7;30;2;0;0;0;52.38;98.00;94.86;46.56
529483;UNI;Univergomma;7;30;2;0;0;0;52.38;98.00;94.86;46.56
529483;UNI;Univergomma;7;30;0;0;0;0;52.38;98.00;94.86;46.56
529483;UNI;Univergomma;7;30;0;0;0;0;52.38;98.00;94.86;46.56
545329;UNI;Univergomma;1;30;0;0;0;0;38.46;0.00;0;0.00
545335;UNI;Univergomma;1;30;0;0;0;0;39.08;0.00;0;0.00
545341;UNI;Univergomma;1;25;0;0;0;0;49.02;0.00;0;0.00
513423;UNI;Univergomma;3;14;0;0;0;0;70.15;141.50;125.4;67.24
545348;UNI;Univergomma;1;30;0;0;0;0;41.41;0.00;0;0.00
545355;UNI;Univergomma;1;20;0;0;0;0;54.93;0.00;0;0.00
545358;UNI;Univergomma;1;26;0;0;0;0;42.89;0.00;0;0.00
545368;UNI;Univergomma;1;30;0;0;0;0;42.68;0.00;0;0.00
529487;UNI;Univergomma;7;30;0;0;0;0;56.08;106.00;97.44;50.38
545383;UNI;Univergomma;1;4;0;0;0;0;54.29;0.00;0;0.00
82546;UNI;Univergomma;5;6;0;0;0;0;189.85;381.50;326.81;181.28
518716;UNI;Univergomma;8;13;0;0;0;0;186.24;377.00;269.56;179.15
90636;UNI;Univergomma;1;4;0;0;0;0;117.92;234.00;0;0.00
532928;UNI;Univergomma;4;3;0;0;0;0;139.94;268.00;236.46;131.86
546382;UNI;Univergomma;3;12;0;0;0;0;91.83;182.00;175.08;88.27
521769;UNI;Univergomma;7;30;0;0;0;0;208.76;421.50;348.81;193.71
516149;UNI;Univergomma;5;16;0;0;0;0;104.53;207.50;184.35;102.66
511965;UNI;Univergomma;2;5;0;0;0;0;262.57;454.00;354.34;203.85
59607;UNI;Univergomma;3;2;0;0;0;0;212.14;578.00;364.69;212.33
507653;UNI;Univergomma;4;2;0;0;0;0;187.55;514.00;335.33;188.26
521830;UNI;Univergomma;7;2;0;0;0;0;110.80;209.50;193.18;96.39
521425;UNI;Univergomma;3;10;0;0;0;0;121.62;309.00;213.67;113.18
521870;UNI;Univergomma;4;12;0;0;0;0;130.67;259.00;220.93;119.13
59662;UNI;Univergomma;5;2;0;0;0;0;110.56;277.00;198.99;101.15
60003;UNI;Univergomma;1;10;0;0;0;0;209.15;372.00;295.76;167.03
59721;UNI;Univergomma;3;2;0;0;0;0;106.88;288.00;203.55;111.61
507643;UNI;Univergomma;5;22;0;0;0;0;110.30;290.00;204.96;106.04
60957;UNI;Univergomma;2;6;0;0;0;0;139.93;275.00;247.68;141.06
507623;UNI;Univergomma;3;3;0;0;0;0;127.55;348.00;231.56;127.85
524885;UNI;Univergomma;2;4;0;0;0;0;163.16;321.00;284.65;157.92
521439;UNI;Univergomma;4;5;0;0;0;0;156.89;405.00;274.11;149.28
551419;UNI;Univergomma;1;3;0;0;0;0;149.62;315.50;0;0.00
517210;UNI;Univergomma;5;25;0;0;0;0;161.87;418.00;263.67;154.17
97703;UNI;Univergomma;2;10;0;0;0;0;155.34;314.00;257.64;149.22
517254;UNI;Univergomma;2;2;0;0;0;0;159.18;411.00;260.47;151.54
520034;UNI;Univergomma;6;12;0;0;0;0;149.72;266.00;216.02;121.83
504059;UNI;Univergomma;6;10;0;0;0;0;146.37;290.00;243.7;137.80
529525;UNI;Univergomma;6;26;0;0;0;0;109.35;215.50;189.06;99.73
504058;UNI;Univergomma;3;16;0;0;0;0;97.93;190.50;186.03;90.53
513263;UNI;Univergomma;3;2;0;0;0;0;108.55;217.00;0;0.00
516646;UNI;Univergomma;4;16;0;0;0;0;91.18;191.50;154.39;91.00
525404;UNI;Univergomma;2;11;0;0;0;0;104.28;198.50;0;0.00
516655;UNI;Univergomma;6;30;0;0;0;0;80.13;151.00;161.38;70.32
525418;UNI;Univergomma;4;8;0;0;0;0;92.91;194.00;155.84;92.19
532957;UNI;Univergomma;5;21;0;0;0;0;116.80;206.00;187.05;110.62
516660;UNI;Univergomma;5;30;0;0;0;0;75.15;148.50;129.45;70.56
529503;UNI;Univergomma;6;30;0;0;0;0;87.46;177.00;145.97;84.10
525399;UNI;Univergomma;6;30;0;0;0;0;104.46;212.50;175.29;100.98
529491;UNI;Univergomma;7;30;0;0;0;0;67.11;129.50;118.45;61.54
516619;UNI;Univergomma;7;30;0;0;0;0;76.46;154.00;132.65;73.18
516285;UNI;Univergomma;6;23;1;0;0;0;126.48;229.00;187.56;116.79
516285;UNI;Univergomma;6;23;1;0;0;0;126.48;229.00;187.56;116.79
516285;UNI;Univergomma;6;23;0;0;0;0;126.48;229.00;187.56;116.79
516285;UNI;Univergomma;6;23;0;0;0;0;126.48;229.00;187.56;116.79
510631;UNI;Univergomma;2;16;0;0;0;0;183.52;393.50;0;0.00
529327;UNI;Univergomma;4;11;0;0;0;0;140.00;246.00;213.04;112.67
524853;UNI;Univergomma;4;24;0;0;0;0;105.76;179.00;169.36;96.12
520827;UNI;Univergomma;2;11;0;0;0;0;117.13;224.50;197.55;106.69
521454;UNI;Univergomma;2;3;0;0;0;0;253.08;692.00;416.98;255.19
524942;UNI;Univergomma;3;6;0;0;0;0;140.08;242.00;237.24;119.06
524785;UNI;Univergomma;5;4;0;0;0;0;112.99;205.00;198.62;100.85
524641;UNI;Univergomma;3;14;0;0;0;0;131.25;239.00;235.43;117.58
512423;UNI;Univergomma;2;6;0;0;0;0;92.09;142.50;135.05;79.50
508769;UNI;Univergomma;3;30;0;0;0;0;63.07;115.00;113.13;58.08
525493;UNI;Univergomma;2;30;0;0;0;0;76.83;106.00;0;0.00
521815;UNI;Univergomma;3;6;0;0;0;0;97.50;195.00;0;0.00
518435;UNI;Univergomma;5;4;0;0;0;0;128.39;231.50;193.93;118.64
64189;UNI;Univergomma;2;2;0;0;0;0;92.28;187.00;150.33;82.90
516986;UNI;Univergomma;4;7;0;0;0;0;112.50;197.50;172.68;101.22
521095;UNI;Univergomma;6;11;0;0;0;0;118.12;227.00;180.14;107.34
508775;UNI;Univergomma;3;8;0;0;0;0;74.77;102.80;0;0.00
78664;UNI;Univergomma;6;30;0;0;0;0;64.30;119.00;114.18;60.09
516417;UNI;Univergomma;1;27;0;0;0;0;56.12;80.00;0;0.00
65993;UNI;Univergomma;3;17;0;0;0;0;67.74;124.50;118.51;61.59
512525;UNI;Univergomma;3;11;0;0;0;0;81.86;199.00;139.26;78.60
516408;UNI;Univergomma;1;2;0;0;0;0;74.99;128.50;0;0.00
508647;UNI;Univergomma;4;7;0;0;0;0;104.09;198.50;171.88;98.19
66037;UNI;Univergomma;1;7;0;0;0;0;103.57;198.50;171.88;98.19
528584;UNI;Univergomma;5;30;0;0;0;0;114.05;224.50;200.16;115.62
510320;UNI;Univergomma;2;30;0;0;0;0;102.20;246.00;0;0.00
80096;UNI;Univergomma;1;2;0;0;0;0;61.47;135.00;124.53;70.88
516431;UNI;Univergomma;4;22;0;0;0;0;50.51;93.00;95.45;42.69
537205;UNI;Univergomma;1;30;0;0;0;0;75.58;0.00;0;0.00
525476;UNI;Univergomma;2;8;0;0;0;0;76.32;111.90;0;0.00
513357;UNI;Univergomma;3;12;0;0;0;0;86.84;163.00;153.61;77.46
521804;UNI;Univergomma;6;13;0;0;0;0;99.85;192.50;175.27;95.22
516136;UNI;Univergomma;5;25;0;0;0;0;82.27;159.50;145.54;78.90
79053;UNI;Univergomma;1;26;0;0;0;0;70.36;95.90;0;0.00
513360;UNI;Univergomma;3;30;0;0;0;0;77.18;144.50;142.87;68.66
516137;UNI;Univergomma;6;19;0;0;0;0;93.29;176.50;165.64;87.32
521812;UNI;Univergomma;8;20;0;0;0;0;97.72;186.00;171.36;92.01
508782;UNI;Univergomma;3;9;0;0;0;0;83.72;161.50;141.77;81.56
520826;UNI;Univergomma;1;12;0;0;0;0;156.76;304.50;252.12;144.70
521931;UNI;Univergomma;5;6;0;0;0;0;108.10;208.00;177.63;102.90
58826;UNI;Univergomma;4;1;0;0;0;0;219.23;354.00;364.29;206.40
529488;UNI;Univergomma;5;30;0;0;0;0;57.39;109.50;101.54;52.03
59979;UNI;Univergomma;1;27;0;0;0;0;242.36;441.00;347.22;198.01
560189;UNI;Univergomma;4;24;0;0;0;0;104.03;180.00;182.02;93.96
528590;UNI;Univergomma;8;19;0;0;0;0;133.23;256.50;210.45;132.10
527556;UNI;Univergomma;1;20;0;0;0;0;368.01;1064.00;0;0.00
59607;DEL;Deldo;2;24;0;0;0;0;212.00;578.00;364.69;212.33
50252;DEL;Deldo;2;30;0;0;0;0;135.00;357.00;263.31;129.23
59541;DEL;Deldo;2;30;0;0;0;0;218.00;574.00;362.85;210.82
59867;DEL;Deldo;4;8;0;0;0;0;180.50;469.00;314.68;171.34
50417;DEL;Deldo;6;29;0;0;0;0;164.00;423.00;282.37;156.05
526029;UNI;Univergomma;6;7;0;0;0;0;101.83;258.00;190.28;94.01
528547;UNI;Univergomma;5;6;0;0;0;0;85.77;157.00;163.81;72.31
98490;UNI;Univergomma;5;13;0;0;0;0;86.54;157.00;147.62;0.00
521433;UNI;Univergomma;3;17;0;0;0;0;92.13;236.00;180.19;85.74
508170;UNI;Univergomma;2;4;0;0;0;0;173.20;371.00;314.66;182.52
521867;UNI;Univergomma;6;20;0;0;0;0;167.16;327.00;275.4;150.34
508571;UNI;Univergomma;5;23;0;0;0;0;76.92;145.50;151.72;69.12
508219;UNI;Univergomma;5;4;0;0;0;0;77.12;129.00;149.53;67.33
508528;UNI;Univergomma;5;13;0;0;0;0;78.18;145.50;151.72;69.12
508523;UNI;Univergomma;5;4;0;0;0;0;88.69;171.00;166.48;81.22
517237;UNI;Univergomma;3;3;0;0;0;0;75.58;188.00;155.85;72.51
97696;UNI;Univergomma;6;14;0;0;0;0;86.21;168.00;164.79;79.84
508171;UNI;Univergomma;1;1;0;0;0;0;86.81;152.00;164.18;79.34
59727;UNI;Univergomma;1;1;0;0;0;0;126.23;315.00;0;0.00
507626;UNI;Univergomma;4;1;0;0;0;0;123.55;318.00;217.8;116.57
524501;UNI;Univergomma;5;8;0;0;0;0;275.74;487.00;372.41;218.66
59443;UNI;Univergomma;1;1;0;0;0;0;285.72;978.00;0;0.00
103703;UNI;Univergomma;2;3;0;0;0;0;90.68;176.00;167.39;94.51
524903;UNI;Univergomma;1;3;0;0;0;0;84.70;165.00;174.61;81.17
520104;UNI;Univergomma;3;2;0;0;0;0;227.01;414.00;332.43;185.89
529354;UNI;Univergomma;2;10;0;0;0;0;265.64;462.00;345.06;207.44
526008;UNI;Univergomma;4;15;0;0;0;0;102.65;272.00;195.92;105.35
529344;UNI;Univergomma;4;25;0;0;0;0;195.13;339.00;277.68;152.21
529358;UNI;Univergomma;3;30;0;0;0;0;278.42;491.00;374.61;220.46
529424;UNI;Univergomma;2;30;0;0;0;0;148.13;256.00;218.63;117.25
529307;UNI;Univergomma;6;30;0;0;0;0;178.86;309.00;261.25;138.74
529306;UNI;Univergomma;3;7;0;0;0;0;145.87;255.00;218.07;116.79
520062;UNI;Univergomma;2;2;0;0;0;0;138.92;244.00;211.92;111.75
525444;UNI;Univergomma;4;30;0;0;0;0;71.30;133.00;122.81;67.17
525502;UNI;Univergomma;2;30;0;0;0;0;81.27;116.10;0;0.00
511913;UNI;Univergomma;3;30;0;0;0;0;230.65;427.00;339.55;191.72
526900;UNI;Univergomma;1;20;0;0;0;0;270.14;438.00;0;385.44
521109;UNI;Univergomma;1;8;0;0;0;0;264.64;438.00;0;385.44
526914;UNI;Univergomma;1;28;0;0;0;0;305.44;504.00;0;443.52
521112;UNI;Univergomma;1;8;0;0;0;0;301.53;504.00;0;443.52
526926;UNI;Univergomma;1;3;0;0;0;0;350.67;591.00;0;520.08
526924;UNI;Univergomma;1;6;0;0;0;0;341.28;610.00;0;536.80
526906;UNI;Univergomma;1;9;0;0;0;0;422.87;719.00;0;632.72
58989;DEL;Deldo;3;8;0;0;0;0;113.00;209.00;217.42;102.82
524830;DEL;Deldo;1;30;0;0;0;0;93.50;194.00;190.94;101.27
529000;DEL;Deldo;1;30;0;0;0;0;46.00;64.50;0;0.00
542079;DEL;Deldo;2;30;0;0;0;0;47.00;0.00;0;0.00
518755;UNI;Univergomma;4;4;0;0;0;0;61.68;120.50;107.92;57.26
522747;UNI;Univergomma;4;5;0;0;0;0;119.17;234.00;193.32;115.76
529428;UNI;Univergomma;3;5;0;0;0;0;170.73;295.00;253.57;132.45
518705;UNI;Univergomma;3;3;0;0;0;0;113.27;220.50;0;0.00
90669;UNI;Univergomma;5;8;0;0;0;0;200.22;395.00;0;0.00
90608;UNI;Univergomma;3;12;0;0;0;0;119.56;226.00;0;0.00
79774;UNI;Univergomma;1;1;0;0;0;0;97.16;192.50;0;0.00
508281;UNI;Univergomma;5;6;0;0;0;0;117.95;214.00;192.29;114.92
516616;UNI;Univergomma;7;4;0;0;0;0;204.90;412.50;344.79;196.02
520611;DEL;Deldo;2;30;0;0;0;0;119.00;232.00;0;0.00
532952;DEL;Deldo;3;7;0;0;0;0;129.00;242.00;220.84;119.06
548654;DEL;Deldo;1;30;0;0;0;0;109.00;216.00;0;0.00
532997;DEL;Deldo;5;28;0;0;0;0;164.00;301.00;272.64;148.08
529858;DEL;Deldo;3;30;0;0;0;0;197.00;366.00;334.7;187.75
508527;DEL;Deldo;1;30;0;0;0;0;117.00;247.00;210.46;117.27
508528;DEL;Deldo;2;7;0;0;0;0;78.50;145.50;151.72;69.12
44399;DEL;Deldo;5;17;0;0;0;0;89.00;160.50;140.23;79.40
508413;DEL;Deldo;2;30;0;0;0;0;217.00;445.50;362.24;204.72
521768;DEL;Deldo;3;30;0;0;0;0;179.50;353.00;310.45;162.27
521769;DEL;Deldo;5;23;0;0;0;0;210.00;421.50;348.81;193.71
521783;DEL;Deldo;1;30;0;0;0;0;89.00;172.50;156.2;85.34
525511;UNI;Univergomma;1;30;0;0;0;0;82.94;166.50;165.9;80.75
546734;UNI;Univergomma;4;20;0;0;0;0;83.00;159.50;150.36;80.55
533001;UNI;Univergomma;6;6;0;0;0;0;147.35;279.00;259.44;137.26
532997;UNI;Univergomma;3;4;0;0;0;0;157.55;301.00;272.64;148.08
532930;UNI;Univergomma;1;15;0;0;0;0;201.28;502.50;0;0.00
532998;UNI;Univergomma;6;2;0;0;0;0;167.33;316.00;281.66;155.47
532969;UNI;Univergomma;4;20;0;0;0;0;140.90;263.00;233.44;129.39
532958;UNI;Univergomma;3;4;0;0;0;0;194.07;356.00;319.33;175.15
78907;UNI;Univergomma;4;16;0;0;0;0;57.90;109.50;105.53;55.30
522895;UNI;Univergomma;2;1;0;0;0;0;84.06;166.50;165.9;80.75
546737;UNI;Univergomma;3;8;0;0;0;0;89.80;173.00;158.67;87.36
546372;UNI;Univergomma;4;3;0;0;0;0;83.19;161.50;162.95;78.33
524786;UNI;Univergomma;1;2;0;0;0;0;165.02;324.00;300.13;159.41
57218;UNI;Univergomma;3;5;0;0;0;0;82.56;167.50;143.36;82.86
516074;UNI;Univergomma;6;30;0;0;0;0;121.89;233.00;206.37;107.20
521783;UNI;Univergomma;7;30;0;0;0;0;91.42;172.50;156.2;85.34
521762;UNI;Univergomma;1;2;0;0;0;0;123.81;239.00;0;0.00
521768;UNI;Univergomma;6;30;0;0;0;0;176.63;353.00;310.45;162.27
525086;UNI;Univergomma;5;6;0;0;0;0;111.84;211.50;194.31;97.31
517036;UNI;Univergomma;1;2;0;0;0;0;289.09;512.00;0;450.56
526910;UNI;Univergomma;1;16;0;0;0;0;307.25;574.00;0;505.12
521106;UNI;Univergomma;1;20;0;0;0;0;544.32;991.00;0;872.08
526927;UNI;Univergomma;1;26;0;0;0;0;368.33;621.00;0;546.48
526920;UNI;Univergomma;1;10;0;0;0;0;407.75;719.00;0;0.00
532965;UNI;Univergomma;2;8;0;0;0;0;95.24;163.00;171.19;85.08
506878;UNI;Univergomma;3;2;0;0;0;0;224.57;488.50;0;0.00
59524;UNI;Univergomma;2;4;0;0;0;0;239.27;647.00;385.11;240.27
516755;UNI;Univergomma;2;5;0;0;0;0;82.86;164.00;141.91;82.82
62795;UNI;Univergomma;3;3;0;0;0;0;122.47;216.00;178.56;110.16
520113;UNI;Univergomma;4;7;0;0;0;0;161.24;295.00;240.42;135.11
520114;UNI;Univergomma;2;3;0;0;0;0;140.00;250.00;215.28;114.50
508572;DEL;Deldo;1;30;0;0;0;0;74.50;138.00;135.38;68.27
516172;DEL;Deldo;1;24;0;0;0;0;106.50;203.50;185.29;96.64
508513;DEL;Deldo;3;30;0;0;0;0;80.00;145.50;151.72;69.12
521858;DEL;Deldo;4;21;0;0;0;0;230.00;481.00;375.29;221.02
508518;DEL;Deldo;1;9;0;0;0;0;74.50;156.00;0;0.00
521866;DEL;Deldo;3;6;0;0;0;0;184.00;344.50;285.18;158.36
521826;DEL;Deldo;2;30;0;0;0;0;120.00;240.00;226.67;110.40
521872;DEL;Deldo;4;14;0;0;0;0;275.50;556.50;424.41;255.68
522738;DEL;Deldo;2;6;0;0;0;0;109.00;211.50;194.31;97.31
525051;DEL;Deldo;2;30;0;0;0;0;262.00;560.50;440.31;257.51
525110;DEL;Deldo;3;30;0;0;0;0;261.00;547.50;433.02;251.54
521836;DEL;Deldo;2;30;0;0;0;0;112.00;216.50;192.82;102.81
522759;DEL;Deldo;2;30;0;0;0;0;222.00;440.00;359.16;202.20
548488;DEL;Deldo;3;30;0;0;0;0;240.00;488.50;386.32;224.46
521804;DEL;Deldo;1;30;0;0;0;0;99.50;192.50;175.27;95.22
528487;DEL;Deldo;4;20;0;0;0;0;114.00;225.00;197.73;106.84
516136;DEL;Deldo;1;30;0;0;0;0;84.00;159.50;145.54;78.90
516138;DEL;Deldo;2;30;0;0;0;0;115.00;231.50;0;0.00
528501;DEL;Deldo;4;22;0;0;0;0;77.50;139.50;127.56;69.01
521812;DEL;Deldo;1;30;0;0;0;0;97.00;186.00;171.36;92.01
47891;DEL;Deldo;4;11;4;0;0;0;132.00;240.00;194.13;118.73
47891;DEL;Deldo;4;11;4;0;0;0;132.00;240.00;194.13;118.73
47891;DEL;Deldo;4;11;0;0;0;0;132.00;240.00;194.13;118.73
47891;DEL;Deldo;4;11;0;0;0;0;132.00;240.00;194.13;118.73
549761;DEL;Deldo;2;30;0;0;0;0;36.50;0.00;0;0.00
549767;DEL;Deldo;1;11;0;0;0;0;33.00;0.00;0;0.00
549797;DEL;Deldo;1;30;0;0;0;0;46.00;0.00;0;0.00
549808;DEL;Deldo;1;19;0;0;0;0;67.50;0.00;0;0.00
549817;DEL;Deldo;1;30;0;0;0;0;50.00;0.00;0;0.00
516429;DEL;Deldo;1;30;0;0;0;0;91.00;181.00;157.01;86.00
520322;DEL;Deldo;2;27;0;0;0;0;95.00;188.50;161.38;89.58
510680;DEL;Deldo;2;7;0;0;0;0;239.00;496.00;393.19;235.69
529383;UNI;Univergomma;2;3;0;0;0;0;130.75;377.00;261.26;138.75
529326;UNI;Univergomma;1;6;0;0;0;0;144.62;373.00;243.03;137.25
525896;UNI;Univergomma;3;18;0;0;0;0;197.46;539.00;353.63;197.66
529309;UNI;Univergomma;6;16;0;0;0;0;119.65;302.00;210.46;110.55
529420;UNI;Univergomma;5;14;0;0;0;0;94.45;236.00;180.19;85.74
547317;UNI;Univergomma;3;16;0;0;0;0;186.17;516.00;343.08;189.02
65371;UNI;Univergomma;5;14;0;0;0;0;56.02;114.00;104.88;49.02
542474;UNI;Univergomma;5;30;0;0;0;0;43.63;88.00;91.24;37.84
517258;UNI;Univergomma;4;1;0;0;0;0;99.56;241.00;0;0.00
558788;UNI;Univergomma;4;8;0;0;0;0;41.66;83.00;88.62;35.69
558787;UNI;Univergomma;4;12;0;0;0;0;35.40;70.00;81.8;30.10
558782;UNI;Univergomma;4;9;0;0;0;0;30.76;61.00;77.08;26.23
525904;UNI;Univergomma;3;14;0;0;0;0;137.68;377.00;261.26;138.75
526908;UNI;Univergomma;1;1;0;0;0;0;473.23;944.00;0;0.00
546426;UNI;Univergomma;2;30;0;0;0;0;48.46;86.00;93.85;43.43
547314;UNI;Univergomma;5;4;0;0;0;0;161.29;439.00;300.92;160.06
521859;UNI;Univergomma;4;8;0;0;0;0;167.21;334.00;292.98;153.55
525882;UNI;Univergomma;3;11;0;0;0;0;113.07;350.00;232.48;128.60
529386;UNI;Univergomma;5;30;0;0;0;0;182.61;491.00;331.62;179.62
529395;UNI;Univergomma;1;25;0;0;0;0;177.23;516.00;336.25;189.02
64161;UNI;Univergomma;5;28;0;0;75;0;60.83;118.00;105.38;62.82
64161;UNI;Univergomma;5;28;0;0;75;0;60.83;118.00;105.38;62.82
64161;UNI;Univergomma;5;28;0;0;75;0;60.83;118.00;105.38;62.82
64161;UNI;Univergomma;5;28;0;0;75;0;60.83;118.00;105.38;62.82
64161;UNI;Univergomma;5;28;0;0;75;0;60.83;118.00;105.38;62.82
64161;UNI;Univergomma;5;28;0;0;75;0;60.83;118.00;105.38;62.82
64161;UNI;Univergomma;5;28;0;0;75;0;60.83;118.00;105.38;62.82
64161;UNI;Univergomma;5;28;0;0;75;0;60.83;118.00;105.38;62.82
64161;UNI;Univergomma;5;28;0;0;75;0;60.83;118.00;105.38;62.82
64161;UNI;Univergomma;5;28;0;0;75;0;60.83;118.00;105.38;62.82
64161;UNI;Univergomma;5;28;0;0;75;0;60.83;118.00;105.38;62.82
64161;UNI;Univergomma;5;28;0;0;75;0;60.83;118.00;105.38;62.82
64161;UNI;Univergomma;5;28;0;0;75;0;60.83;118.00;105.38;62.82
64161;UNI;Univergomma;5;28;0;0;75;0;60.83;118.00;105.38;62.82
64161;UNI;Univergomma;5;28;0;0;75;0;60.83;118.00;105.38;62.82
64161;UNI;Univergomma;5;28;0;0;75;0;60.83;118.00;105.38;62.82
517236;UNI;Univergomma;3;7;0;0;0;0;102.75;281.00;200.21;108.87
517211;UNI;Univergomma;3;20;0;0;0;0;159.66;425.00;283.28;156.80
518412;UNI;Univergomma;4;30;0;0;0;0;68.84;134.00;126.55;63.41
521446;UNI;Univergomma;3;12;0;0;0;0;122.63;320.00;218.72;117.32
525066;UNI;Univergomma;1;4;0;0;0;0;160.78;321.00;0;0.00
528565;UNI;Univergomma;3;2;0;0;0;0;117.61;220.50;199.36;101.45
524750;UNI;Univergomma;3;10;0;0;0;0;85.47;145.00;147.08;77.86
560213;UNI;Univergomma;3;30;0;0;0;0;86.37;162.00;172.82;79.70
508179;UNI;Univergomma;6;1;0;0;0;0;167.87;329.00;303.12;161.86
63624;UNI;Univergomma;4;30;1;0;2;0;64.45;128.00;115.18;56.80
63624;UNI;Univergomma;4;30;1;0;2;0;64.45;128.00;115.18;56.80
63624;UNI;Univergomma;4;30;1;0;2;0;64.45;128.00;115.18;56.80
63624;UNI;Univergomma;4;30;1;0;2;0;64.45;128.00;115.18;56.80
63624;UNI;Univergomma;4;30;0;0;2;0;64.45;128.00;115.18;56.80
63624;UNI;Univergomma;4;30;0;0;2;0;64.45;128.00;115.18;56.80
63624;UNI;Univergomma;4;30;0;0;2;0;64.45;128.00;115.18;56.80
63624;UNI;Univergomma;4;30;0;0;2;0;64.45;128.00;115.18;56.80
63624;UNI;Univergomma;4;30;0;0;2;0;64.45;128.00;115.18;56.80
63624;UNI;Univergomma;4;30;0;0;2;0;64.45;128.00;115.18;56.80
63624;UNI;Univergomma;4;30;0;0;2;0;64.45;128.00;115.18;56.80
63624;UNI;Univergomma;4;30;0;0;2;0;64.45;128.00;115.18;56.80
63624;UNI;Univergomma;4;30;0;0;2;0;64.45;128.00;115.18;56.80
63624;UNI;Univergomma;4;30;0;0;2;0;64.45;128.00;115.18;56.80
63624;UNI;Univergomma;4;30;0;0;2;0;64.45;128.00;115.18;56.80
63624;UNI;Univergomma;4;30;0;0;2;0;64.45;128.00;115.18;56.80
501033;UNI;Univergomma;4;11;0;0;0;0;97.48;185.00;155.94;87.50
525910;UNI;Univergomma;4;11;0;0;0;0;164.13;299.50;236.45;153.49
525922;UNI;Univergomma;4;30;1;0;0;0;95.82;172.00;156.74;88.16
525922;UNI;Univergomma;4;30;1;0;0;0;95.82;172.00;156.74;88.16
525922;UNI;Univergomma;4;30;0;0;0;0;95.82;172.00;156.74;88.16
525922;UNI;Univergomma;4;30;0;0;0;0;95.82;172.00;156.74;88.16
525908;UNI;Univergomma;3;14;1;0;0;0;119.09;214.50;183.32;109.94
525908;UNI;Univergomma;3;14;1;0;0;0;119.09;214.50;183.32;109.94
525908;UNI;Univergomma;3;14;0;0;0;0;119.09;214.50;183.32;109.94
525908;UNI;Univergomma;3;14;0;0;0;0;119.09;214.50;183.32;109.94
546719;UNI;Univergomma;6;30;0;0;0;0;68.34;129.50;120.65;65.40
547292;UNI;Univergomma;5;30;0;0;0;0;87.05;170.00;142.81;80.41
547292;UNI;Univergomma;5;30;0;0;0;0;87.05;170.00;142.81;80.41
547292;UNI;Univergomma;5;30;1;0;0;0;87.05;170.00;142.81;80.41
547292;UNI;Univergomma;5;30;1;0;0;0;87.05;170.00;142.81;80.41
64168;UNI;Univergomma;3;23;0;0;16;0;72.93;145.00;117.34;77.18
64168;UNI;Univergomma;3;23;0;0;16;0;72.93;145.00;117.34;77.18
64168;UNI;Univergomma;3;23;0;0;16;0;72.93;145.00;117.34;77.18
64168;UNI;Univergomma;3;23;0;0;16;0;72.93;145.00;117.34;77.18
64168;UNI;Univergomma;3;23;0;0;16;0;72.93;145.00;117.34;77.18
64168;UNI;Univergomma;3;23;0;0;16;0;72.93;145.00;117.34;77.18
64168;UNI;Univergomma;3;23;0;0;16;0;72.93;145.00;117.34;77.18
64168;UNI;Univergomma;3;23;0;0;16;0;72.93;145.00;117.34;77.18
64168;UNI;Univergomma;3;23;0;0;16;0;72.93;145.00;117.34;77.18
63898;UNI;Univergomma;1;30;0;0;0;0;70.83;127.00;131.67;67.61
529369;UNI;Univergomma;5;26;0;0;0;0;126.15;329.00;239.24;120.70
501202;UNI;Univergomma;4;30;0;0;0;0;73.35;143.00;131.75;67.67
516982;UNI;Univergomma;6;20;0;0;35;0;116.66;199.00;172.76;105.94
516982;UNI;Univergomma;6;20;0;0;35;0;116.66;199.00;172.76;105.94
516982;UNI;Univergomma;6;20;0;0;35;0;116.66;199.00;172.76;105.94
516982;UNI;Univergomma;6;20;0;0;35;0;116.66;199.00;172.76;105.94
521093;UNI;Univergomma;5;15;0;0;0;0;104.42;205.00;167.47;96.95
547295;UNI;Univergomma;3;30;1;0;0;0;114.16;224.00;178.42;105.93
547295;UNI;Univergomma;3;30;1;0;0;0;114.16;224.00;178.42;105.93
547295;UNI;Univergomma;3;30;0;0;0;0;114.16;224.00;178.42;105.93
547295;UNI;Univergomma;3;30;0;0;0;0;114.16;224.00;178.42;105.93
508860;UNI;Univergomma;5;18;0;0;0;0;90.42;163.00;151.12;83.55
520819;UNI;Univergomma;3;2;0;0;0;0;87.84;175.00;139.08;80.50
546256;UNI;Univergomma;5;4;0;0;0;0;105.02;182.00;171.32;97.73
506548;UNI;Univergomma;3;23;0;0;0;0;34.48;60.00;74.54;27.60
518512;UNI;Univergomma;5;30;1;0;0;0;54.46;102.00;98.11;46.92
518512;UNI;Univergomma;5;30;1;0;0;0;54.46;102.00;98.11;46.92
518512;UNI;Univergomma;5;30;0;0;0;0;54.46;102.00;98.11;46.92
518512;UNI;Univergomma;5;30;0;0;0;0;54.46;102.00;98.11;46.92
516262;UNI;Univergomma;6;5;0;0;0;0;95.23;166.50;147.76;84.92
506526;UNI;Univergomma;5;12;0;0;0;0;58.23;105.00;99.79;48.30
520821;UNI;Univergomma;1;1;0;0;0;0;90.43;174.00;138.51;80.04
62809;UNI;Univergomma;1;7;0;0;0;0;216.57;399.00;293.33;203.49
506530;UNI;Univergomma;3;30;0;0;0;0;46.66;86.00;89.13;39.56
519013;UNI;Univergomma;5;5;0;0;0;0;59.84;108.00;101.48;49.68
525496;UNI;Univergomma;2;3;0;0;0;0;111.16;166.60;0;0.00
59572;UNI;Univergomma;4;7;0;0;0;0;140.33;373.00;259.43;137.25
59605;UNI;Univergomma;3;5;0;0;0;0;196.91;503.00;330.29;184.13
510704;UNI;Univergomma;2;6;0;0;0;0;104.08;196.50;0;0.00
511963;UNI;Univergomma;1;6;0;0;0;0;191.07;332.00;273.85;149.07
516457;UNI;Univergomma;2;4;0;0;0;0;127.38;244.50;0;0.00
60002;UNI;Univergomma;2;2;0;0;0;0;211.40;367.00;293.02;164.78
508535;UNI;Univergomma;6;12;0;0;0;0;100.01;194.00;179.79;92.13
508220;UNI;Univergomma;4;23;0;0;0;0;157.52;305.00;275.05;150.05
66218;UNI;Univergomma;3;9;0;0;0;0;175.95;348.00;310.63;179.22
58999;UNI;Univergomma;3;16;0;0;0;0;168.94;316.00;295.32;155.47
506351;UNI;Univergomma;3;2;0;0;0;0;176.34;344.00;0;0.00
60035;UNI;Univergomma;1;12;0;0;0;0;238.19;406.00;328.04;182.29
59872;UNI;Univergomma;5;30;0;0;0;0;165.29;450.00;305.97;164.20
529351;UNI;Univergomma;2;1;0;0;0;0;164.85;288.00;236.51;131.90
524656;UNI;Univergomma;5;25;0;0;0;0;119.94;213.00;203.43;104.79
524500;UNI;Univergomma;5;11;0;0;0;0;252.94;451.00;352.7;202.50
520831;UNI;Univergomma;1;8;0;0;0;0;71.94;138.00;132.1;65.58
506545;UNI;Univergomma;6;30;0;0;0;0;45.05;79.00;85.2;36.34
506544;UNI;Univergomma;5;11;0;0;0;0;41.18;72.00;81.27;33.12
516619;DEL;Deldo;4;30;0;0;0;0;77.95;154.00;132.65;73.18
516655;DEL;Deldo;3;30;0;0;0;0;77.95;151.00;161.38;70.32
516660;DEL;Deldo;3;30;0;0;0;0;76.00;148.50;129.45;70.56
520374;DEL;Deldo;2;30;0;0;0;0;210.00;435.00;357.83;206.71
520948;DEL;Deldo;1;30;0;0;0;0;183.00;371.00;307.07;176.30
529529;DEL;Deldo;2;28;0;0;0;0;111.00;229.00;208.36;108.83
62517;DEL;Deldo;2;30;0;0;0;0;74.95;148.00;0;0.00
529478;UNI;Univergomma;6;16;0;0;0;0;135.22;216.50;231.99;123.90
546676;UNI;Univergomma;3;8;0;0;0;0;116.65;188.00;197.68;106.80
511780;UNI;Univergomma;1;29;0;0;0;0;136.99;214.50;0;0.00
521167;UNI;Univergomma;4;2;0;0;0;0;144.95;228.00;235.16;130.80
529537;UNI;Univergomma;6;10;0;0;0;0;200.92;410.00;343.34;194.83
516442;UNI;Univergomma;3;14;0;0;0;0;153.18;323.00;279.23;153.48
520899;UNI;Univergomma;4;10;0;0;0;0;125.72;247.50;235.46;117.60
547393;UNI;Univergomma;5;30;0;0;0;0;79.11;147.50;152.9;70.09
547329;UNI;Univergomma;4;24;0;0;0;0;74.41;185.00;132.43;73.00
520321;UNI;Univergomma;5;18;0;0;0;0;73.04;133.50;120.76;63.44
547279;UNI;Univergomma;1;10;0;0;0;0;257.90;711.00;425.7;262.34
529486;UNI;Univergomma;5;22;0;0;0;0;55.09;105.50;96.41;50.13
102880;UNI;Univergomma;2;14;1;0;0;0;84.16;150.00;137.49;76.50
102880;UNI;Univergomma;2;14;1;0;0;0;84.16;150.00;137.49;76.50
102880;UNI;Univergomma;2;14;1;0;0;0;84.16;150.00;137.49;76.50
102880;UNI;Univergomma;2;14;1;0;0;0;84.16;150.00;137.49;76.50
102880;UNI;Univergomma;2;14;1;0;0;0;84.16;150.00;137.49;76.50
102880;UNI;Univergomma;2;14;1;0;0;0;84.16;150.00;137.49;76.50
102880;UNI;Univergomma;2;14;1;0;0;0;84.16;150.00;137.49;76.50
102880;UNI;Univergomma;2;14;1;0;0;0;84.16;150.00;137.49;76.50
102880;UNI;Univergomma;2;14;0;0;0;0;84.16;150.00;137.49;76.50
102880;UNI;Univergomma;2;14;0;0;0;0;84.16;150.00;137.49;76.50
102880;UNI;Univergomma;2;14;0;0;0;0;84.16;150.00;137.49;76.50
102880;UNI;Univergomma;2;14;0;0;0;0;84.16;150.00;137.49;76.50
102880;UNI;Univergomma;2;14;0;0;0;0;84.16;150.00;137.49;76.50
102880;UNI;Univergomma;2;14;0;0;0;0;84.16;150.00;137.49;76.50
102880;UNI;Univergomma;2;14;0;0;0;0;84.16;150.00;137.49;76.50
102880;UNI;Univergomma;2;14;0;0;0;0;84.16;150.00;137.49;76.50
546583;UNI;Univergomma;5;4;0;0;0;0;212.32;424.50;338.09;201.73
546583;UNI;Univergomma;5;4;0;0;0;0;212.32;424.50;338.09;201.73
546583;UNI;Univergomma;5;4;2;0;0;0;212.32;424.50;338.09;201.73
546583;UNI;Univergomma;5;4;2;0;0;0;212.32;424.50;338.09;201.73
516422;UNI;Univergomma;3;4;0;0;0;0;70.85;135.50;121.92;64.39
518733;UNI;Univergomma;3;3;0;0;0;0;64.71;125.00;0;0.00
556027;UNI;Univergomma;5;19;0;0;0;0;85.26;155.00;140.6;79.05
558789;UNI;Univergomma;4;2;0;0;0;0;55.74;125.00;110.65;53.75
519012;UNI;Univergomma;6;3;0;0;0;0;63.62;115.00;105.4;52.90
75323;UNI;Univergomma;4;4;0;0;0;0;147.39;395.00;253.12;145.52
508397;UNI;Univergomma;3;8;0;0;0;0;165.29;305.50;263.37;140.48
525969;UNI;Univergomma;4;1;0;0;0;0;212.52;578.00;364.69;212.33
542473;UNI;Univergomma;4;24;0;0;0;0;39.73;79.00;86.52;33.97
547213;UNI;Univergomma;3;4;0;0;0;0;111.37;304.00;211.18;117.86
547400;UNI;Univergomma;6;22;0;0;0;0;90.97;173.50;167.97;82.44
547423;UNI;Univergomma;6;2;0;0;0;0;122.42;242.00;225.26;109.24
520898;UNI;Univergomma;3;18;0;0;0;0;182.72;357.00;0;0.00
519004;UNI;Univergomma;5;6;0;0;0;0;46.10;83.50;87.73;38.41
506536;UNI;Univergomma;3;10;0;0;0;0;33.46;58.00;73.42;26.68
519007;UNI;Univergomma;4;3;0;0;0;0;38.88;71.00;80.71;32.66
62805;UNI;Univergomma;4;9;0;0;0;0;131.48;234.00;190.67;119.34
515599;UNI;Univergomma;5;7;0;0;0;0;54.46;97.00;95.3;44.62
62808;UNI;Univergomma;4;7;0;0;0;0;155.20;277.00;217.42;141.27
518995;UNI;Univergomma;5;1;0;0;0;0;59.58;107.50;101.19;49.45
506547;UNI;Univergomma;5;4;0;0;0;0;61.96;112.00;103.72;51.52
50797;UNI;Univergomma;4;4;0;0;0;0;165.88;268.50;264.81;155.10
512416;UNI;Univergomma;4;28;0;0;0;0;87.67;135.00;129.56;75.00
521179;UNI;Univergomma;3;26;0;0;0;0;148.68;236.00;232.82;135.60
512371;UNI;Univergomma;4;16;0;0;0;0;107.42;168.50;159.39;95.10
547278;UNI;Univergomma;5;4;0;0;0;0;190.54;514.00;335.33;188.26
521143;UNI;Univergomma;4;8;0;0;0;0;101.82;156.50;159.33;87.90
516426;UNI;Univergomma;3;4;0;0;0;0;75.61;141.50;125.4;67.24
504063;UNI;Univergomma;2;2;0;0;0;0;123.22;267.50;207.18;127.12
524712;UNI;Univergomma;5;2;0;0;0;0;58.03;117.00;106.45;50.31
62765;UNI;Univergomma;4;3;0;0;0;0;143.07;257.00;204.98;131.07
511268;UNI;Univergomma;5;6;0;0;0;0;112.02;228.50;199.87;108.59
516430;UNI;Univergomma;4;16;0;0;0;0;92.41;178.50;155.58;84.83
547417;UNI;Univergomma;7;30;0;0;0;0;93.56;175.00;165.84;83.16
547425;UNI;Univergomma;3;8;0;0;0;0;107.15;203.00;185.08;96.47
556031;UNI;Univergomma;5;19;0;0;0;0;88.36;162.00;127.49;82.62
559202;UNI;Univergomma;4;8;0;0;0;0;36.84;73.00;83.37;31.39
63626;UNI;Univergomma;5;30;0;0;0;0;70.09;139.50;131.86;61.88
516641;UNI;Univergomma;3;6;0;0;0;0;114.43;240.50;191.52;114.29
520322;UNI;Univergomma;6;26;0;0;0;0;93.83;188.50;161.38;89.58
520937;UNI;Univergomma;2;8;0;0;0;0;78.70;165.00;0;0.00
519008;UNI;Univergomma;5;14;0;0;0;0;43.59;78.00;84.64;35.88
525391;UNI;Univergomma;1;12;0;0;0;0;110.08;237.50;181.04;112.85
546586;UNI;Univergomma;7;5;2;0;0;0;173.21;332.50;286.76;158.00
547437;UNI;Univergomma;3;7;0;0;0;0;78.17;143.50;0;0.00
520611;UNI;Univergomma;5;27;0;0;0;0;119.51;232.00;0;0.00
520030;UNI;Univergomma;3;5;0;0;0;0;156.27;274.00;228.69;125.49
520621;UNI;Univergomma;4;11;0;0;0;0;127.59;219.00;195.56;117.60
510680;UNI;Univergomma;6;6;0;0;0;0;243.11;496.00;393.19;235.69
521449;UNI;Univergomma;3;5;0;0;0;0;258.38;727.00;439.87;268.35
507629;UNI;Univergomma;2;9;0;0;0;0;204.08;535.00;0;0.00
525994;UNI;Univergomma;2;8;0;0;0;0;176.84;473.00;316.52;172.85
506804;UNI;Univergomma;4;3;0;0;0;0;209.28;446.00;371.05;211.94
520828;DEL;Deldo;2;8;0;0;0;0;289.00;616.50;428.02;292.96
520829;DEL;Deldo;1;30;0;0;0;0;326.00;701.00;518.89;333.12
520317;DEL;Deldo;1;21;0;0;0;0;243.50;509.50;401.02;242.11
561391;DEL;Deldo;3;30;0;0;0;0;62.00;109.00;112.22;49.29
520331;DEL;Deldo;3;29;0;0;0;0;90.50;175.00;165.84;83.16
520331;DEL;Deldo;3;29;0;0;0;0;90.50;175.00;165.84;83.16
520331;DEL;Deldo;3;29;0;0;0;0;90.50;175.00;165.84;83.16
520331;DEL;Deldo;3;29;0;0;0;0;90.50;175.00;165.84;83.16
525210;DEL;Deldo;2;12;0;0;0;0;109.50;224.50;197.55;106.69
547418;DEL;Deldo;3;15;0;0;0;0;110.00;220.50;217.49;102.87
547422;DEL;Deldo;2;10;0;0;0;0;95.00;186.00;181.08;86.47
518628;DEL;Deldo;1;30;0;0;0;0;94.00;188.00;168.1;89.34
525308;UNI;Univergomma;3;5;0;0;0;0;70.59;118.00;119.13;60.30
522738;UNI;Univergomma;6;13;0;0;0;0;111.84;211.50;194.31;97.31
520670;UNI;Univergomma;2;6;0;0;0;0;133.38;255.00;219.14;136.93
62840;UNI;Univergomma;4;9;0;0;0;0;111.48;189.00;161.76;96.39
532955;UNI;Univergomma;6;11;0;0;0;0;115.91;214.00;204.04;105.29
526007;UNI;Univergomma;5;4;0;0;0;0;152.55;409.00;287.16;148.78
517279;UNI;Univergomma;3;2;0;0;0;0;202.18;548.00;350.93;201.05
546342;UNI;Univergomma;6;30;0;0;0;0;57.64;109.50;101.54;52.03
50280;UNI;Univergomma;3;2;0;0;0;0;176.39;283.00;267.22;163.80
58612;UNI;Univergomma;5;2;0;0;0;0;148.98;236.50;257.78;135.90
56604;UNI;Univergomma;4;4;0;0;0;0;209.70;339.50;333.18;197.70
521154;UNI;Univergomma;5;3;0;0;0;0;245.16;398.00;389.66;232.80
75216;UNI;Univergomma;3;4;0;0;0;0;166.76;265.00;0;0.00
58581;UNI;Univergomma;3;24;0;0;0;0;229.15;372.50;357.33;217.50
521268;UNI;Univergomma;5;30;0;0;0;0;109.19;169.00;183.78;95.40
58836;UNI;Univergomma;4;18;0;0;0;0;197.71;317.50;330.74;184.50
521153;UNI;Univergomma;2;22;0;0;0;0;113.02;175.50;173.24;99.30
521118;UNI;Univergomma;4;3;0;0;0;0;215.98;348.50;360.26;203.10
521278;UNI;Univergomma;2;4;0;0;0;0;251.06;408.00;396.98;238.80
509002;UNI;Univergomma;3;9;0;0;0;0;133.45;208.50;220.89;119.10
521258;UNI;Univergomma;3;6;0;0;0;0;247.42;403.50;380.03;236.10
521122;UNI;Univergomma;4;9;0;0;0;0;140.13;221.50;246.8;126.90
521121;UNI;Univergomma;2;8;0;0;0;0;127.56;198.50;205.37;113.10
522692;UNI;Univergomma;4;12;0;0;0;0;252.40;515.50;415.09;236.84
521313;UNI;Univergomma;2;6;0;0;0;0;204.68;331.00;326.96;192.60
521146;UNI;Univergomma;3;29;0;0;0;0;222.17;359.00;361.12;209.40
525807;UNI;Univergomma;4;6;0;0;0;0;158.70;253.00;269.86;145.80
516743;DEL;Deldo;1;30;0;0;0;0;89.50;158.00;0;0.00
516773;DEL;Deldo;1;30;0;0;0;0;80.50;137.50;0;0.00
522943;DEL;Deldo;2;30;0;0;0;0;91.00;134.70;0;0.00
546391;DEL;Deldo;4;30;0;0;0;0;67.50;115.50;135.73;56.02
508768;DEL;Deldo;1;30;0;0;0;0;71.00;120.00;116.2;60.60
522885;DEL;Deldo;2;30;0;0;0;0;90.95;169.00;0;0.00
525491;DEL;Deldo;4;22;0;0;0;0;108.50;184.50;0;0.00
521169;DEL;Deldo;6;12;0;0;0;0;244.00;370.00;376;216.00
522559;DEL;Deldo;2;22;0;0;0;0;221.00;344.00;350.14;200.40
522561;DEL;Deldo;4;30;0;0;0;0;226.00;338.00;345.74;196.80
548856;UNI;Univergomma;5;30;0;0;0;0;72.58;142.00;134.94;70.29
554459;UNI;Univergomma;1;30;0;0;0;0;270.53;635.00;0;240.67
526916;UNI;Univergomma;1;25;0;0;0;0;567.07;1021.00;0;898.48
548861;UNI;Univergomma;4;3;0;0;0;0;34.92;69.00;81.27;29.67
512444;UNI;Univergomma;2;4;0;0;0;0;259.51;717.00;435.28;264.59
548857;UNI;Univergomma;4;30;0;0;0;0;95.11;189.00;163.32;93.55
527141;UNI;Univergomma;3;7;0;0;0;0;121.55;219.00;186.12;112.24
518414;UNI;Univergomma;2;15;0;0;40;0;101.77;232.00;153.5;129.92
518414;UNI;Univergomma;2;15;0;0;40;0;101.77;232.00;153.5;129.92
518414;UNI;Univergomma;2;15;0;0;40;0;101.77;232.00;153.5;129.92
518414;UNI;Univergomma;2;15;0;0;40;0;101.77;232.00;153.5;129.92
549179;UNI;Univergomma;4;1;0;0;0;0;105.81;203.50;185.29;96.64
551596;UNI;Univergomma;5;8;0;0;0;0;89.43;165.50;163.33;78.64
546816;UNI;Univergomma;1;19;0;0;0;0;243.00;598.00;0;226.64
546377;UNI;Univergomma;2;7;0;0;0;0;99.23;198.00;0;0.00
554462;UNI;Univergomma;1;30;0;0;0;0;210.46;486.00;0;184.19
521444;UNI;Univergomma;4;2;0;0;0;0;164.35;430.00;285.57;158.68
549178;UNI;Univergomma;1;2;0;0;0;0;203.29;414.50;0;0.00
546818;UNI;Univergomma;1;12;0;0;0;0;193.44;417.00;0;158.04
547399;UNI;Univergomma;4;7;0;0;0;0;105.33;206.00;195.01;97.89
547386;UNI;Univergomma;5;6;0;0;0;0;94.54;180.50;168.98;85.78
546584;UNI;Univergomma;6;13;0;0;0;0;146.98;279.00;237.33;132.58
516476;UNI;Univergomma;3;2;0;0;0;0;163.19;324.00;279.83;153.97
547291;UNI;Univergomma;3;13;0;0;0;0;80.27;156.50;139.52;74.04
547294;UNI;Univergomma;4;30;0;0;0;0;108.13;212.00;171.51;100.26
525405;UNI;Univergomma;4;30;0;0;0;0;116.55;246.00;194.71;116.90
508139;UNI;Univergomma;2;2;0;0;0;0;117.30;222.00;184.3;109.89
548880;UNI;Univergomma;5;8;0;0;0;0;37.33;74.00;83.9;31.82
549177;UNI;Univergomma;2;8;0;0;0;0;165.31;326.50;275.11;150.10
547396;UNI;Univergomma;5;30;0;0;0;0;75.12;142.00;152.5;63.04
551679;UNI;Univergomma;1;15;0;0;0;0;55.77;108.00;107.23;56.70
516278;UNI;Univergomma;5;3;0;0;0;0;118.28;201.00;169.22;102.51
551690;UNI;Univergomma;2;4;0;0;0;0;57.92;114.50;114.2;60.11
551693;UNI;Univergomma;1;30;0;0;0;0;56.16;107.50;109.72;56.44
547293;UNI;Univergomma;4;15;0;0;0;0;99.85;195.50;162;92.47
554201;UNI;Univergomma;5;10;0;0;0;0;91.85;172.00;167.11;81.74
528586;UNI;Univergomma;2;6;0;0;0;0;95.59;186.00;166.15;95.79
520324;UNI;Univergomma;5;12;0;0;0;0;103.58;206.00;186.81;97.89
81896;UNI;Univergomma;2;1;0;0;0;0;73.81;151.00;137.59;79.28
516827;UNI;Univergomma;2;4;0;0;0;0;90.46;177.50;172.42;86.09
521923;UNI;Univergomma;3;4;0;0;0;0;108.14;215.00;191.94;102.09
512534;UNI;Univergomma;4;30;0;0;0;0;57.46;165.00;101.46;57.00
512534;UNI;Univergomma;4;30;0;0;0;0;57.46;165.00;101.46;57.00
512534;UNI;Univergomma;4;30;0;0;0;0;57.46;165.00;101.46;57.00
512534;UNI;Univergomma;4;30;0;0;0;0;57.46;165.00;101.46;57.00
512534;UNI;Univergomma;4;30;0;0;0;0;57.46;165.00;101.46;57.00
512534;UNI;Univergomma;4;30;0;0;0;0;57.46;165.00;101.46;57.00
512534;UNI;Univergomma;4;30;0;0;0;0;57.46;165.00;101.46;57.00
512534;UNI;Univergomma;4;30;0;0;0;0;57.46;165.00;101.46;57.00
512534;UNI;Univergomma;4;30;0;0;0;0;57.46;165.00;101.46;57.00
512534;UNI;Univergomma;4;30;0;0;0;0;57.46;165.00;101.46;57.00
512534;UNI;Univergomma;4;30;0;0;0;0;57.46;165.00;101.46;57.00
512534;UNI;Univergomma;4;30;0;0;0;0;57.46;165.00;101.46;57.00
512534;UNI;Univergomma;4;30;6;0;0;0;57.46;165.00;101.46;57.00
512534;UNI;Univergomma;4;30;6;0;0;0;57.46;165.00;101.46;57.00
512534;UNI;Univergomma;4;30;6;0;0;0;57.46;165.00;101.46;57.00
512534;UNI;Univergomma;4;30;6;0;0;0;57.46;165.00;101.46;57.00
512534;UNI;Univergomma;4;30;6;0;0;0;57.46;165.00;101.46;57.00
512534;UNI;Univergomma;4;30;6;0;0;0;57.46;165.00;101.46;57.00
512534;UNI;Univergomma;4;30;6;0;0;0;57.46;165.00;101.46;57.00
512534;UNI;Univergomma;4;30;6;0;0;0;57.46;165.00;101.46;57.00
512534;UNI;Univergomma;4;30;6;0;0;0;57.46;165.00;101.46;57.00
512534;UNI;Univergomma;4;30;6;0;0;0;57.46;165.00;101.46;57.00
512534;UNI;Univergomma;4;30;6;0;0;0;57.46;165.00;101.46;57.00
512534;UNI;Univergomma;4;30;6;0;0;0;57.46;165.00;101.46;57.00
512534;UNI;Univergomma;4;30;5;0;0;0;57.46;165.00;101.46;57.00
512534;UNI;Univergomma;4;30;5;0;0;0;57.46;165.00;101.46;57.00
512534;UNI;Univergomma;4;30;5;0;0;0;57.46;165.00;101.46;57.00
512534;UNI;Univergomma;4;30;5;0;0;0;57.46;165.00;101.46;57.00
512534;UNI;Univergomma;4;30;5;0;0;0;57.46;165.00;101.46;57.00
512534;UNI;Univergomma;4;30;5;0;0;0;57.46;165.00;101.46;57.00
512534;UNI;Univergomma;4;30;5;0;0;0;57.46;165.00;101.46;57.00
512534;UNI;Univergomma;4;30;5;0;0;0;57.46;165.00;101.46;57.00
512534;UNI;Univergomma;4;30;5;0;0;0;57.46;165.00;101.46;57.00
512534;UNI;Univergomma;4;30;5;0;0;0;57.46;165.00;101.46;57.00
512534;UNI;Univergomma;4;30;5;0;0;0;57.46;165.00;101.46;57.00
512534;UNI;Univergomma;4;30;5;0;0;0;57.46;165.00;101.46;57.00
512534;UNI;Univergomma;4;30;2;0;0;0;57.46;165.00;101.46;57.00
512534;UNI;Univergomma;4;30;2;0;0;0;57.46;165.00;101.46;57.00
512534;UNI;Univergomma;4;30;2;0;0;0;57.46;165.00;101.46;57.00
512534;UNI;Univergomma;4;30;2;0;0;0;57.46;165.00;101.46;57.00
512534;UNI;Univergomma;4;30;2;0;0;0;57.46;165.00;101.46;57.00
512534;UNI;Univergomma;4;30;2;0;0;0;57.46;165.00;101.46;57.00
512534;UNI;Univergomma;4;30;2;0;0;0;57.46;165.00;101.46;57.00
512534;UNI;Univergomma;4;30;2;0;0;0;57.46;165.00;101.46;57.00
512534;UNI;Univergomma;4;30;2;0;0;0;57.46;165.00;101.46;57.00
512534;UNI;Univergomma;4;30;2;0;0;0;57.46;165.00;101.46;57.00
512534;UNI;Univergomma;4;30;2;0;0;0;57.46;165.00;101.46;57.00
512534;UNI;Univergomma;4;30;2;0;0;0;57.46;165.00;101.46;57.00
512534;UNI;Univergomma;4;30;0;0;0;0;57.46;165.00;101.46;57.00
512534;UNI;Univergomma;4;30;0;0;0;0;57.46;165.00;101.46;57.00
512534;UNI;Univergomma;4;30;0;0;0;0;57.46;165.00;101.46;57.00
512534;UNI;Univergomma;4;30;0;0;0;0;57.46;165.00;101.46;57.00
512534;UNI;Univergomma;4;30;0;0;0;0;57.46;165.00;101.46;57.00
512534;UNI;Univergomma;4;30;0;0;0;0;57.46;165.00;101.46;57.00
512534;UNI;Univergomma;4;30;0;0;0;0;57.46;165.00;101.46;57.00
512534;UNI;Univergomma;4;30;0;0;0;0;57.46;165.00;101.46;57.00
512534;UNI;Univergomma;4;30;0;0;0;0;57.46;165.00;101.46;57.00
512534;UNI;Univergomma;4;30;0;0;0;0;57.46;165.00;101.46;57.00
512534;UNI;Univergomma;4;30;0;0;0;0;57.46;165.00;101.46;57.00
512534;UNI;Univergomma;4;30;0;0;0;0;57.46;165.00;101.46;57.00
512534;UNI;Univergomma;4;30;0;0;0;0;57.46;165.00;101.46;57.00
512534;UNI;Univergomma;4;30;0;0;0;0;57.46;165.00;101.46;57.00
512534;UNI;Univergomma;4;30;0;0;0;0;57.46;165.00;101.46;57.00
512534;UNI;Univergomma;4;30;0;0;0;0;57.46;165.00;101.46;57.00
512534;UNI;Univergomma;4;30;0;0;0;0;57.46;165.00;101.46;57.00
512534;UNI;Univergomma;4;30;0;0;0;0;57.46;165.00;101.46;57.00
512534;UNI;Univergomma;4;30;0;0;0;0;57.46;165.00;101.46;57.00
512534;UNI;Univergomma;4;30;0;0;0;0;57.46;165.00;101.46;57.00
512534;UNI;Univergomma;4;30;0;0;0;0;57.46;165.00;101.46;57.00
512534;UNI;Univergomma;4;30;0;0;0;0;57.46;165.00;101.46;57.00
512534;UNI;Univergomma;4;30;0;0;0;0;57.46;165.00;101.46;57.00
512534;UNI;Univergomma;4;30;0;0;0;0;57.46;165.00;101.46;57.00
512534;UNI;Univergomma;4;30;0;0;0;0;57.46;165.00;101.46;57.00
512534;UNI;Univergomma;4;30;0;0;0;0;57.46;165.00;101.46;57.00
512534;UNI;Univergomma;4;30;0;0;0;0;57.46;165.00;101.46;57.00
512534;UNI;Univergomma;4;30;0;0;0;0;57.46;165.00;101.46;57.00
512534;UNI;Univergomma;4;30;0;0;0;0;57.46;165.00;101.46;57.00
512534;UNI;Univergomma;4;30;0;0;0;0;57.46;165.00;101.46;57.00
512534;UNI;Univergomma;4;30;0;0;0;0;57.46;165.00;101.46;57.00
512534;UNI;Univergomma;4;30;0;0;0;0;57.46;165.00;101.46;57.00
512534;UNI;Univergomma;4;30;0;0;0;0;57.46;165.00;101.46;57.00
